timestamp,demand_mw
2026-05-12 11:12:44.342404,597.0
2026-05-12 12:12:44.342404,600.0
2026-05-12 13:12:44.342404,611.9
2026-05-12 14:12:44.342404,653.1
2026-05-12 15:12:44.342404,698.8
2026-05-12 16:12:44.342404,748.4
2026-05-12 17:12:44.342404,780.1
2026-05-12 18:12:44.342404,805.9
2026-05-12 19:12:44.342404,819.4
2026-05-12 20:12:44.342404,840.6
2026-05-12 21:12:44.342404,870.2
2026-05-12 22:12:44.342404,876.9
2026-05-12 23:12:44.342404,566.7
2026-05-13 00:12:44.342404,535.8
2026-05-13 01:12:44.342404,571.6
2026-05-13 02:12:44.342404,545.2
2026-05-13 03:12:44.342404,550.2
2026-05-13 04:12:44.342404,531.2
2026-05-13 05:12:44.342404,551.9
2026-05-13 06:12:44.342404,538.4
2026-05-13 07:12:44.342404,590.9
2026-05-13 08:12:44.342404,593.5
2026-05-13 09:12:44.342404,550.2
2026-05-13 10:12:44.342404,562.5
2026-05-13 11:12:44.342404,565.7
2026-05-13 12:12:44.342404,596.0
2026-05-13 13:12:44.342404,616.4
2026-05-13 14:12:44.342404,666.1
2026-05-13 15:12:44.342404,706.3
2026-05-13 16:12:44.342404,743.6
2026-05-13 17:12:44.342404,786.5
2026-05-13 18:12:44.342404,800.9
2026-05-13 19:12:44.342404,870.6
2026-05-13 20:12:44.342404,835.4
2026-05-13 21:12:44.342404,840.4
2026-05-13 22:12:44.342404,807.5
2026-05-13 23:12:44.342404,561.7
2026-05-14 00:12:44.342404,507.5
2026-05-14 01:12:44.342404,545.3
2026-05-14 02:12:44.342404,539.1
2026-05-14 03:12:44.342404,528.8
2026-05-14 04:12:44.342404,551.4
2026-05-14 05:12:44.342404,576.9
2026-05-14 06:12:44.342404,561.4
2026-05-14 07:12:44.342404,559.1
2026-05-14 08:12:44.342404,585.4
2026-05-14 09:12:44.342404,539.5
2026-05-14 10:12:44.342404,572.0
2026-05-14 11:12:44.342404,544.5
2026-05-14 12:12:44.342404,590.9
2026-05-14 13:12:44.342404,607.7
2026-05-14 14:12:44.342404,692.8
2026-05-14 15:12:44.342404,690.1
2026-05-14 16:12:44.342404,724.0
2026-05-14 17:12:44.342404,782.5
2026-05-14 18:12:44.342404,802.9
2026-05-14 19:12:44.342404,862.7
2026-05-14 20:12:44.342404,850.1
2026-05-14 21:12:44.342404,851.6
2026-05-14 22:12:44.342404,856.3
2026-05-14 23:12:44.342404,547.3
2026-05-15 00:12:44.342404,554.2
2026-05-15 01:12:44.342404,538.1
2026-05-15 02:12:44.342404,541.3
2026-05-15 03:12:44.342404,536.9
2026-05-15 04:12:44.342404,556.5
2026-05-15 05:12:44.342404,540.7
2026-05-15 06:12:44.342404,562.4
2026-05-15 07:12:44.342404,557.8
2026-05-15 08:12:44.342404,541.3
2026-05-15 09:12:44.342404,554.3
2026-05-15 10:12:44.342404,557.9
2026-05-15 11:12:44.342404,583.7
2026-05-15 12:12:44.342404,576.9
2026-05-15 13:12:44.342404,602.7
2026-05-15 14:12:44.342404,680.2
2026-05-15 15:12:44.342404,680.4
2026-05-15 16:12:44.342404,752.0
2026-05-15 17:12:44.342404,740.5
2026-05-15 18:12:44.342404,815.4
2026-05-15 19:12:44.342404,830.5
2026-05-15 20:12:44.342404,851.8
2026-05-15 21:12:44.342404,862.3
2026-05-15 22:12:44.342404,859.9
2026-05-15 23:12:44.342404,557.8
2026-05-16 00:12:44.342404,523.4
2026-05-16 01:12:44.342404,527.7
2026-05-16 02:12:44.342404,530.0
2026-05-16 03:12:44.342404,518.7
2026-05-16 04:12:44.342404,496.7
2026-05-16 05:12:44.342404,507.1
2026-05-16 06:12:44.342404,509.4
2026-05-16 07:12:44.342404,520.8
2026-05-16 08:12:44.342404,498.8
2026-05-16 09:12:44.342404,524.8
2026-05-16 10:12:44.342404,520.6
2026-05-16 11:12:44.342404,521.0
2026-05-16 12:12:44.342404,555.5
2026-05-16 13:12:44.342404,590.5
2026-05-16 14:12:44.342404,604.9
2026-05-16 15:12:44.342404,649.0
2026-05-16 16:12:44.342404,695.1
2026-05-16 17:12:44.342404,733.7
2026-05-16 18:12:44.342404,743.2
2026-05-16 19:12:44.342404,802.1
2026-05-16 20:12:44.342404,806.4
2026-05-16 21:12:44.342404,807.3
2026-05-16 22:12:44.342404,795.2
2026-05-16 23:12:44.342404,495.9
2026-05-17 00:12:44.342404,511.3
2026-05-17 01:12:44.342404,513.5
2026-05-17 02:12:44.342404,540.7
2026-05-17 03:12:44.342404,542.0
2026-05-17 04:12:44.342404,503.1
2026-05-17 05:12:44.342404,496.8
2026-05-17 06:12:44.342404,492.2
2026-05-17 07:12:44.342404,532.6
2026-05-17 08:12:44.342404,497.6
2026-05-17 09:12:44.342404,490.5
2026-05-17 10:12:44.342404,505.3
2026-05-17 11:12:44.342404,522.1
2026-05-17 12:12:44.342404,544.0
2026-05-17 13:12:44.342404,562.0
2026-05-17 14:12:44.342404,621.0
2026-05-17 15:12:44.342404,659.6
2026-05-17 16:12:44.342404,720.1
2026-05-17 17:12:44.342404,717.6
2026-05-17 18:12:44.342404,775.2
2026-05-17 19:12:44.342404,818.0
2026-05-17 20:12:44.342404,784.3
2026-05-17 21:12:44.342404,794.9
2026-05-17 22:12:44.342404,787.3
2026-05-17 23:12:44.342404,518.0
2026-05-18 00:12:44.342404,557.4
2026-05-18 01:12:44.342404,565.6
2026-05-18 02:12:44.342404,552.5
2026-05-18 03:12:44.342404,578.4
2026-05-18 04:12:44.342404,559.5
2026-05-18 05:12:44.342404,570.3
2026-05-18 06:12:44.342404,553.7
2026-05-18 07:12:44.342404,565.7
2026-05-18 08:12:44.342404,553.9
2026-05-18 09:12:44.342404,572.0
2026-05-18 10:12:44.342404,568.5
2026-05-18 11:12:44.342404,582.5
2026-05-18 12:12:44.342404,610.3
2026-05-18 13:12:44.342404,630.4
2026-05-18 14:12:44.342404,704.9
2026-05-18 15:12:44.342404,698.1
2026-05-18 16:12:44.342404,741.9
2026-05-18 17:12:44.342404,769.8
2026-05-18 18:12:44.342404,815.1
2026-05-18 19:12:44.342404,805.0
2026-05-18 20:12:44.342404,802.0
2026-05-18 21:12:44.342404,841.8
2026-05-18 22:12:44.342404,855.2
2026-05-18 23:12:44.342404,567.0
2026-05-19 00:12:44.342404,532.7
2026-05-19 01:12:44.342404,526.6
2026-05-19 02:12:44.342404,540.8
2026-05-19 03:12:44.342404,540.5
2026-05-19 04:12:44.342404,554.9
2026-05-19 05:12:44.342404,553.5
2026-05-19 06:12:44.342404,573.6
2026-05-19 07:12:44.342404,565.5
2026-05-19 08:12:44.342404,536.8
2026-05-19 09:12:44.342404,556.2
2026-05-19 10:12:44.342404,542.3
2026-05-19 11:12:44.342404,557.5
2026-05-19 12:12:44.342404,621.1
2026-05-19 13:12:44.342404,640.7
2026-05-19 14:12:44.342404,656.5
2026-05-19 15:12:44.342404,729.1
2026-05-19 16:12:44.342404,753.0
2026-05-19 17:12:44.342404,782.6
2026-05-19 18:12:44.342404,797.6
2026-05-19 19:12:44.342404,800.8
2026-05-19 20:12:44.342404,833.8
2026-05-19 21:12:44.342404,844.4
2026-05-19 22:12:44.342404,828.7
2026-05-19 23:12:44.342404,553.7
2026-05-20 00:12:44.342404,521.2
2026-05-20 01:12:44.342404,571.8
2026-05-20 02:12:44.342404,545.0
2026-05-20 03:12:44.342404,562.9
2026-05-20 04:12:44.342404,562.8
2026-05-20 05:12:44.342404,533.3
2026-05-20 06:12:44.342404,525.8
2026-05-20 07:12:44.342404,562.4
2026-05-20 08:12:44.342404,562.6
2026-05-20 09:12:44.342404,553.9
2026-05-20 10:12:44.342404,574.5
2026-05-20 11:12:44.342404,577.9
2026-05-20 12:12:44.342404,602.9
2026-05-20 13:12:44.342404,614.8
2026-05-20 14:12:44.342404,659.3
2026-05-20 15:12:44.342404,698.5
2026-05-20 16:12:44.342404,750.1
2026-05-20 17:12:44.342404,788.3
2026-05-20 18:12:44.342404,804.6
2026-05-20 19:12:44.342404,828.9
2026-05-20 20:12:44.342404,852.2
2026-05-20 21:12:44.342404,881.0
2026-05-20 22:12:44.342404,820.8
2026-05-20 23:12:44.342404,538.2
2026-05-21 00:12:44.342404,538.8
2026-05-21 01:12:44.342404,532.3
2026-05-21 02:12:44.342404,540.1
2026-05-21 03:12:44.342404,557.7
2026-05-21 04:12:44.342404,566.3
2026-05-21 05:12:44.342404,555.6
2026-05-21 06:12:44.342404,555.3
2026-05-21 07:12:44.342404,558.4
2026-05-21 08:12:44.342404,517.3
2026-05-21 09:12:44.342404,557.8
2026-05-21 10:12:44.342404,577.3
2026-05-21 11:12:44.342404,586.6
2026-05-21 12:12:44.342404,594.7
2026-05-21 13:12:44.342404,628.3
2026-05-21 14:12:44.342404,684.4
2026-05-21 15:12:44.342404,691.8
2026-05-21 16:12:44.342404,734.2
2026-05-21 17:12:44.342404,750.2
2026-05-21 18:12:44.342404,815.3
2026-05-21 19:12:44.342404,824.6
2026-05-21 20:12:44.342404,842.7
2026-05-21 21:12:44.342404,862.5
2026-05-21 22:12:44.342404,835.9
2026-05-21 23:12:44.342404,559.7
2026-05-22 00:12:44.342404,560.5
2026-05-22 01:12:44.342404,546.9
2026-05-22 02:12:44.342404,564.9
2026-05-22 03:12:44.342404,550.8
2026-05-22 04:12:44.342404,563.1
2026-05-22 05:12:44.342404,543.1
2026-05-22 06:12:44.342404,561.1
2026-05-22 07:12:44.342404,567.1
2026-05-22 08:12:44.342404,562.5
2026-05-22 09:12:44.342404,557.7
2026-05-22 10:12:44.342404,551.5
2026-05-22 11:12:44.342404,566.1
2026-05-22 12:12:44.342404,593.2
2026-05-22 13:12:44.342404,628.5
2026-05-22 14:12:44.342404,672.2
2026-05-22 15:12:44.342404,706.0
2026-05-22 16:12:44.342404,696.3
2026-05-22 17:12:44.342404,790.3
2026-05-22 18:12:44.342404,814.6
2026-05-22 19:12:44.342404,850.1
2026-05-22 20:12:44.342404,860.1
2026-05-22 21:12:44.342404,846.2
2026-05-22 22:12:44.342404,829.9
2026-05-22 23:12:44.342404,579.6
2026-05-23 00:12:44.342404,531.8
2026-05-23 01:12:44.342404,523.7
2026-05-23 02:12:44.342404,500.6
2026-05-23 03:12:44.342404,493.0
2026-05-23 04:12:44.342404,506.1
2026-05-23 05:12:44.342404,525.5
2026-05-23 06:12:44.342404,476.5
2026-05-23 07:12:44.342404,521.8
2026-05-23 08:12:44.342404,557.9
2026-05-23 09:12:44.342404,507.3
2026-05-23 10:12:44.342404,518.3
2026-05-23 11:12:44.342404,532.3
2026-05-23 12:12:44.342404,582.5
2026-05-23 13:12:44.342404,582.8
2026-05-23 14:12:44.342404,596.9
2026-05-23 15:12:44.342404,678.1
2026-05-23 16:12:44.342404,685.5
2026-05-23 17:12:44.342404,715.3
2026-05-23 18:12:44.342404,791.7
2026-05-23 19:12:44.342404,803.8
2026-05-23 20:12:44.342404,802.1
2026-05-23 21:12:44.342404,830.1
2026-05-23 22:12:44.342404,822.3
2026-05-23 23:12:44.342404,502.5
2026-05-24 00:12:44.342404,515.6
2026-05-24 01:12:44.342404,511.2
2026-05-24 02:12:44.342404,502.8
2026-05-24 03:12:44.342404,513.5
2026-05-24 04:12:44.342404,524.3
2026-05-24 05:12:44.342404,498.8
2026-05-24 06:12:44.342404,525.2
2026-05-24 07:12:44.342404,505.1
2026-05-24 08:12:44.342404,521.3
2026-05-24 09:12:44.342404,501.8
2026-05-24 10:12:44.342404,541.6
2026-05-24 11:12:44.342404,508.8
2026-05-24 12:12:44.342404,553.2
2026-05-24 13:12:44.342404,575.4
2026-05-24 14:12:44.342404,615.6
2026-05-24 15:12:44.342404,645.9
2026-05-24 16:12:44.342404,704.3
2026-05-24 17:12:44.342404,741.3
2026-05-24 18:12:44.342404,743.1
2026-05-24 19:12:44.342404,802.2
2026-05-24 20:12:44.342404,784.1
2026-05-24 21:12:44.342404,813.4
2026-05-24 22:12:44.342404,834.3
2026-05-24 23:12:44.342404,500.1
2026-05-25 00:12:44.342404,548.5
2026-05-25 01:12:44.342404,541.2
2026-05-25 02:12:44.342404,543.0
2026-05-25 03:12:44.342404,557.7
2026-05-25 04:12:44.342404,577.2
2026-05-25 05:12:44.342404,552.5
2026-05-25 06:12:44.342404,571.0
2026-05-25 07:12:44.342404,562.3
2026-05-25 08:12:44.342404,574.8
2026-05-25 09:12:44.342404,578.0
2026-05-25 10:12:44.342404,576.5
2026-05-25 11:12:44.342404,584.2
2026-05-25 12:12:44.342404,606.5
2026-05-25 13:12:44.342404,616.8
2026-05-25 14:12:44.342404,642.2
2026-05-25 15:12:44.342404,713.1
2026-05-25 16:12:44.342404,730.2
2026-05-25 17:12:44.342404,767.6
2026-05-25 18:12:44.342404,786.9
2026-05-25 19:12:44.342404,824.5
2026-05-25 20:12:44.342404,864.4
2026-05-25 21:12:44.342404,867.6
2026-05-25 22:12:44.342404,828.3
2026-05-25 23:12:44.342404,538.7
2026-05-26 00:12:44.342404,526.2
2026-05-26 01:12:44.342404,558.7
2026-05-26 02:12:44.342404,556.1
2026-05-26 03:12:44.342404,557.4
2026-05-26 04:12:44.342404,546.6
2026-05-26 05:12:44.342404,563.2
2026-05-26 06:12:44.342404,549.0
2026-05-26 07:12:44.342404,587.8
2026-05-26 08:12:44.342404,542.0
2026-05-26 09:12:44.342404,566.4
2026-05-26 10:12:44.342404,565.0
2026-05-26 11:12:44.342404,583.4
2026-05-26 12:12:44.342404,592.4
2026-05-26 13:12:44.342404,654.7
2026-05-26 14:12:44.342404,653.8
2026-05-26 15:12:44.342404,737.6
2026-05-26 16:12:44.342404,748.9
2026-05-26 17:12:44.342404,795.6
2026-05-26 18:12:44.342404,831.3
2026-05-26 19:12:44.342404,845.0
2026-05-26 20:12:44.342404,876.5
2026-05-26 21:12:44.342404,867.7
2026-05-26 22:12:44.342404,859.4
2026-05-26 23:12:44.342404,560.5
2026-05-27 00:12:44.342404,559.2
2026-05-27 01:12:44.342404,570.3
2026-05-27 02:12:44.342404,541.0
2026-05-27 03:12:44.342404,551.3
2026-05-27 04:12:44.342404,561.2
2026-05-27 05:12:44.342404,542.7
2026-05-27 06:12:44.342404,568.0
2026-05-27 07:12:44.342404,570.5
2026-05-27 08:12:44.342404,539.5
2026-05-27 09:12:44.342404,544.5
2026-05-27 10:12:44.342404,573.1
2026-05-27 11:12:44.342404,558.1
2026-05-27 12:12:44.342404,583.1
2026-05-27 13:12:44.342404,636.4
2026-05-27 14:12:44.342404,645.1
2026-05-27 15:12:44.342404,712.1
2026-05-27 16:12:44.342404,711.6
2026-05-27 17:12:44.342404,785.8
2026-05-27 18:12:44.342404,808.3
2026-05-27 19:12:44.342404,858.1
2026-05-27 20:12:44.342404,819.3
2026-05-27 21:12:44.342404,844.0
2026-05-27 22:12:44.342404,856.4
2026-05-27 23:12:44.342404,553.0
2026-05-28 00:12:44.342404,546.2
2026-05-28 01:12:44.342404,527.2
2026-05-28 02:12:44.342404,560.1
2026-05-28 03:12:44.342404,587.7
2026-05-28 04:12:44.342404,542.7
2026-05-28 05:12:44.342404,554.9
2026-05-28 06:12:44.342404,559.1
2026-05-28 07:12:44.342404,567.9
2026-05-28 08:12:44.342404,558.3
2026-05-28 09:12:44.342404,538.3
2026-05-28 10:12:44.342404,538.1
2026-05-28 11:12:44.342404,596.5
2026-05-28 12:12:44.342404,595.9
2026-05-28 13:12:44.342404,637.1
2026-05-28 14:12:44.342404,671.6
2026-05-28 15:12:44.342404,689.6
2026-05-28 16:12:44.342404,723.1
2026-05-28 17:12:44.342404,769.6
2026-05-28 18:12:44.342404,813.3
2026-05-28 19:12:44.342404,821.4
2026-05-28 20:12:44.342404,841.8
2026-05-28 21:12:44.342404,823.8
2026-05-28 22:12:44.342404,848.3
2026-05-28 23:12:44.342404,555.1
2026-05-29 00:12:44.342404,553.9
2026-05-29 01:12:44.342404,538.9
2026-05-29 02:12:44.342404,539.2
2026-05-29 03:12:44.342404,537.6
2026-05-29 04:12:44.342404,547.6
2026-05-29 05:12:44.342404,543.3
2026-05-29 06:12:44.342404,575.2
2026-05-29 07:12:44.342404,601.2
2026-05-29 08:12:44.342404,572.7
2026-05-29 09:12:44.342404,555.5
2026-05-29 10:12:44.342404,554.4
2026-05-29 11:12:44.342404,561.6
2026-05-29 12:12:44.342404,599.0
2026-05-29 13:12:44.342404,626.7
2026-05-29 14:12:44.342404,649.8
2026-05-29 15:12:44.342404,692.2
2026-05-29 16:12:44.342404,713.8
2026-05-29 17:12:44.342404,763.9
2026-05-29 18:12:44.342404,816.2
2026-05-29 19:12:44.342404,849.6
2026-05-29 20:12:44.342404,857.0
2026-05-29 21:12:44.342404,846.6
2026-05-29 22:12:44.342404,824.1
2026-05-29 23:12:44.342404,536.3
2026-05-30 00:12:44.342404,520.8
2026-05-30 01:12:44.342404,520.3
2026-05-30 02:12:44.342404,504.5
2026-05-30 03:12:44.342404,508.2
2026-05-30 04:12:44.342404,543.1
2026-05-30 05:12:44.342404,487.8
2026-05-30 06:12:44.342404,514.4
2026-05-30 07:12:44.342404,516.2
2026-05-30 08:12:44.342404,502.1
2026-05-30 09:12:44.342404,520.6
2026-05-30 10:12:44.342404,544.9
2026-05-30 11:12:44.342404,543.7
2026-05-30 12:12:44.342404,581.7
2026-05-30 13:12:44.342404,560.4
2026-05-30 14:12:44.342404,632.9
2026-05-30 15:12:44.342404,677.9
2026-05-30 16:12:44.342404,699.5
2026-05-30 17:12:44.342404,751.8
2026-05-30 18:12:44.342404,809.1
2026-05-30 19:12:44.342404,796.6
2026-05-30 20:12:44.342404,803.4
2026-05-30 21:12:44.342404,831.5
2026-05-30 22:12:44.342404,825.9
2026-05-30 23:12:44.342404,510.4
2026-05-31 00:12:44.342404,506.2
2026-05-31 01:12:44.342404,531.1
2026-05-31 02:12:44.342404,507.9
2026-05-31 03:12:44.342404,513.7
2026-05-31 04:12:44.342404,519.1
2026-05-31 05:12:44.342404,511.7
2026-05-31 06:12:44.342404,514.8
2026-05-31 07:12:44.342404,522.2
2026-05-31 08:12:44.342404,528.1
2026-05-31 09:12:44.342404,508.5
2026-05-31 10:12:44.342404,542.7
2026-05-31 11:12:44.342404,536.4
2026-05-31 12:12:44.342404,573.9
2026-05-31 13:12:44.342404,599.0
2026-05-31 14:12:44.342404,642.6
2026-05-31 15:12:44.342404,657.9
2026-05-31 16:12:44.342404,685.7
2026-05-31 17:12:44.342404,726.1
2026-05-31 18:12:44.342404,756.1
2026-05-31 19:12:44.342404,782.3
2026-05-31 20:12:44.342404,791.9
2026-05-31 21:12:44.342404,812.9
2026-05-31 22:12:44.342404,820.8
2026-05-31 23:12:44.342404,495.3
2026-06-01 00:12:44.342404,544.6
2026-06-01 01:12:44.342404,570.0
2026-06-01 02:12:44.342404,531.5
2026-06-01 03:12:44.342404,554.7
2026-06-01 04:12:44.342404,563.6
2026-06-01 05:12:44.342404,586.0
2026-06-01 06:12:44.342404,519.3
2026-06-01 07:12:44.342404,555.1
2026-06-01 08:12:44.342404,564.3
2026-06-01 09:12:44.342404,549.2
2026-06-01 10:12:44.342404,518.8
2026-06-01 11:12:44.342404,568.2
2026-06-01 12:12:44.342404,585.1
2026-06-01 13:12:44.342404,605.1
2026-06-01 14:12:44.342404,660.3
2026-06-01 15:12:44.342404,685.0
2026-06-01 16:12:44.342404,730.7
2026-06-01 17:12:44.342404,799.3
2026-06-01 18:12:44.342404,838.9
2026-06-01 19:12:44.342404,821.2
2026-06-01 20:12:44.342404,851.5
2026-06-01 21:12:44.342404,864.2
2026-06-01 22:12:44.342404,837.1
2026-06-01 23:12:44.342404,540.4
2026-06-02 00:12:44.342404,564.5
2026-06-02 01:12:44.342404,551.5
2026-06-02 02:12:44.342404,551.7
2026-06-02 03:12:44.342404,537.4
2026-06-02 04:12:44.342404,539.6
2026-06-02 05:12:44.342404,555.9
2026-06-02 06:12:44.342404,548.4
2026-06-02 07:12:44.342404,576.5
2026-06-02 08:12:44.342404,574.2
2026-06-02 09:12:44.342404,557.2
2026-06-02 10:12:44.342404,550.4
2026-06-02 11:12:44.342404,588.7
2026-06-02 12:12:44.342404,598.5
2026-06-02 13:12:44.342404,649.7
2026-06-02 14:12:44.342404,655.6
2026-06-02 15:12:44.342404,703.3
2026-06-02 16:12:44.342404,738.8
2026-06-02 17:12:44.342404,781.7
2026-06-02 18:12:44.342404,814.6
2026-06-02 19:12:44.342404,834.9
2026-06-02 20:12:44.342404,862.1
2026-06-02 21:12:44.342404,861.3
2026-06-02 22:12:44.342404,886.7
2026-06-02 23:12:44.342404,594.2
2026-06-03 00:12:44.342404,544.6
2026-06-03 01:12:44.342404,547.3
2026-06-03 02:12:44.342404,535.9
2026-06-03 03:12:44.342404,579.4
2026-06-03 04:12:44.342404,548.6
2026-06-03 05:12:44.342404,559.0
2026-06-03 06:12:44.342404,537.1
2026-06-03 07:12:44.342404,577.2
2026-06-03 08:12:44.342404,533.9
2026-06-03 09:12:44.342404,573.2
2026-06-03 10:12:44.342404,587.9
2026-06-03 11:12:44.342404,585.9
2026-06-03 12:12:44.342404,585.0
2026-06-03 13:12:44.342404,638.6
2026-06-03 14:12:44.342404,669.4
2026-06-03 15:12:44.342404,726.2
2026-06-03 16:12:44.342404,756.8
2026-06-03 17:12:44.342404,764.2
2026-06-03 18:12:44.342404,828.9
2026-06-03 19:12:44.342404,834.1
2026-06-03 20:12:44.342404,870.0
2026-06-03 21:12:44.342404,831.9
2026-06-03 22:12:44.342404,858.2
2026-06-03 23:12:44.342404,551.0
2026-06-04 00:12:44.342404,556.8
2026-06-04 01:12:44.342404,545.2
2026-06-04 02:12:44.342404,562.9
2026-06-04 03:12:44.342404,541.4
2026-06-04 04:12:44.342404,532.0
2026-06-04 05:12:44.342404,544.2
2026-06-04 06:12:44.342404,544.4
2026-06-04 07:12:44.342404,570.9
2026-06-04 08:12:44.342404,571.3
2026-06-04 09:12:44.342404,541.5
2026-06-04 10:12:44.342404,572.5
2026-06-04 11:12:44.342404,584.3
2026-06-04 12:12:44.342404,614.6
2026-06-04 13:12:44.342404,625.0
2026-06-04 14:12:44.342404,690.1
2026-06-04 15:12:44.342404,701.1
2026-06-04 16:12:44.342404,757.8
2026-06-04 17:12:44.342404,805.7
2026-06-04 18:12:44.342404,829.7
2026-06-04 19:12:44.342404,833.8
2026-06-04 20:12:44.342404,833.9
2026-06-04 21:12:44.342404,841.3
2026-06-04 22:12:44.342404,835.7
2026-06-04 23:12:44.342404,545.3
2026-06-05 00:12:44.342404,555.1
2026-06-05 01:12:44.342404,565.3
2026-06-05 02:12:44.342404,567.4
2026-06-05 03:12:44.342404,570.1
2026-06-05 04:12:44.342404,569.2
2026-06-05 05:12:44.342404,553.9
2026-06-05 06:12:44.342404,565.5
2026-06-05 07:12:44.342404,571.8
2026-06-05 08:12:44.342404,565.4
2026-06-05 09:12:44.342404,552.3
2026-06-05 10:12:44.342404,560.5
2026-06-05 11:12:44.342404,570.7
2026-06-05 12:12:44.342404,573.0
2026-06-05 13:12:44.342404,626.7
2026-06-05 14:12:44.342404,676.0
2026-06-05 15:12:44.342404,720.0
2026-06-05 16:12:44.342404,752.0
2026-06-05 17:12:44.342404,766.5
2026-06-05 18:12:44.342404,804.4
2026-06-05 19:12:44.342404,811.7
2026-06-05 20:12:44.342404,860.9
2026-06-05 21:12:44.342404,842.5
2026-06-05 22:12:44.342404,856.3
2026-06-05 23:12:44.342404,562.6
2026-06-06 00:12:44.342404,502.6
2026-06-06 01:12:44.342404,520.0
2026-06-06 02:12:44.342404,543.1
2026-06-06 03:12:44.342404,510.7
2026-06-06 04:12:44.342404,532.2
2026-06-06 05:12:44.342404,519.9
2026-06-06 06:12:44.342404,520.5
2026-06-06 07:12:44.342404,534.7
2026-06-06 08:12:44.342404,535.1
2026-06-06 09:12:44.342404,513.6
2026-06-06 10:12:44.342404,530.1
2026-06-06 11:12:44.342404,550.1
2026-06-06 12:12:44.342404,575.2
2026-06-06 13:12:44.342404,599.5
2026-06-06 14:12:44.342404,638.6
2026-06-06 15:12:44.342404,666.5
2026-06-06 16:12:44.342404,698.5
2026-06-06 17:12:44.342404,746.0
2026-06-06 18:12:44.342404,777.2
2026-06-06 19:12:44.342404,801.0
2026-06-06 20:12:44.342404,827.7
2026-06-06 21:12:44.342404,816.6
2026-06-06 22:12:44.342404,790.7
2026-06-06 23:12:44.342404,485.6
2026-06-07 00:12:44.342404,519.0
2026-06-07 01:12:44.342404,531.6
2026-06-07 02:12:44.342404,513.0
2026-06-07 03:12:44.342404,544.3
2026-06-07 04:12:44.342404,518.6
2026-06-07 05:12:44.342404,552.3
2026-06-07 06:12:44.342404,514.9
2026-06-07 07:12:44.342404,560.0
2026-06-07 08:12:44.342404,515.2
2026-06-07 09:12:44.342404,532.3
2026-06-07 10:12:44.342404,530.3
2026-06-07 11:12:44.342404,541.7
2026-06-07 12:12:44.342404,565.5
2026-06-07 13:12:44.342404,612.7
2026-06-07 14:12:44.342404,625.1
2026-06-07 15:12:44.342404,668.2
2026-06-07 16:12:44.342404,746.4
2026-06-07 17:12:44.342404,749.7
2026-06-07 18:12:44.342404,791.2
2026-06-07 19:12:44.342404,792.8
2026-06-07 20:12:44.342404,803.5
2026-06-07 21:12:44.342404,828.2
2026-06-07 22:12:44.342404,814.8
2026-06-07 23:12:44.342404,513.6
2026-06-08 00:12:44.342404,531.3
2026-06-08 01:12:44.342404,529.8
2026-06-08 02:12:44.342404,527.5
2026-06-08 03:12:44.342404,561.8
2026-06-08 04:12:44.342404,540.5
2026-06-08 05:12:44.342404,530.5
2026-06-08 06:12:44.342404,543.4
2026-06-08 07:12:44.342404,548.0
2026-06-08 08:12:44.342404,552.5
2026-06-08 09:12:44.342404,546.6
2026-06-08 10:12:44.342404,569.2
2026-06-08 11:12:44.342404,579.0
2026-06-08 12:12:44.342404,593.2
2026-06-08 13:12:44.342404,641.4
2026-06-08 14:12:44.342404,649.1
2026-06-08 15:12:44.342404,699.4
2026-06-08 16:12:44.342404,733.5
2026-06-08 17:12:44.342404,780.7
2026-06-08 18:12:44.342404,781.6
2026-06-08 19:12:44.342404,870.7
2026-06-08 20:12:44.342404,856.8
2026-06-08 21:12:44.342404,862.4
2026-06-08 22:12:44.342404,821.0
2026-06-08 23:12:44.342404,559.9
2026-06-09 00:12:44.342404,553.3
2026-06-09 01:12:44.342404,573.4
2026-06-09 02:12:44.342404,552.3
2026-06-09 03:12:44.342404,551.3
2026-06-09 04:12:44.342404,555.8
2026-06-09 05:12:44.342404,577.4
2026-06-09 06:12:44.342404,533.1
2026-06-09 07:12:44.342404,550.7
2026-06-09 08:12:44.342404,528.1
2026-06-09 09:12:44.342404,572.9
2026-06-09 10:12:44.342404,576.3
2026-06-09 11:12:44.342404,558.7
2026-06-09 12:12:44.342404,579.3
2026-06-09 13:12:44.342404,646.1
2026-06-09 14:12:44.342404,646.2
2026-06-09 15:12:44.342404,702.5
2026-06-09 16:12:44.342404,737.3
2026-06-09 17:12:44.342404,830.6
2026-06-09 18:12:44.342404,810.4
2026-06-09 19:12:44.342404,855.8
2026-06-09 20:12:44.342404,858.6
2026-06-09 21:12:44.342404,849.7
2026-06-09 22:12:44.342404,843.0
2026-06-09 23:12:44.342404,558.0
2026-06-10 00:12:44.342404,558.2
2026-06-10 01:12:44.342404,549.3
2026-06-10 02:12:44.342404,565.2
2026-06-10 03:12:44.342404,557.4
2026-06-10 04:12:44.342404,546.4
2026-06-10 05:12:44.342404,551.5
2026-06-10 06:12:44.342404,564.5
2026-06-10 07:12:44.342404,561.1
2026-06-10 08:12:44.342404,546.1
2026-06-10 09:12:44.342404,537.8
2026-06-10 10:12:44.342404,556.6
2026-06-10 11:12:44.342404,573.3
2026-06-10 12:12:44.342404,584.2
2026-06-10 13:12:44.342404,632.0
2026-06-10 14:12:44.342404,668.3
2026-06-10 15:12:44.342404,720.9
2026-06-10 16:12:44.342404,759.3
2026-06-10 17:12:44.342404,752.0
2026-06-10 18:12:44.342404,817.4
2026-06-10 19:12:44.342404,807.4
2026-06-10 20:12:44.342404,860.5
2026-06-10 21:12:44.342404,865.3
2026-06-10 22:12:44.342404,836.9
2026-06-10 23:12:44.342404,562.1
2026-06-11 00:12:44.342404,541.6
2026-06-11 01:12:44.342404,555.1
2026-06-11 02:12:44.342404,558.3
2026-06-11 03:12:44.342404,553.2
2026-06-11 04:12:44.342404,568.3
2026-06-11 05:12:44.342404,545.4
2026-06-11 06:12:44.342404,564.7
2026-06-11 07:12:44.342404,558.8
2026-06-11 08:12:44.342404,530.7
2026-06-11 09:12:44.342404,531.5
2026-06-11 10:12:44.342404,547.4
2026-06-11 11:12:44.342404,587.1
2026-06-11 12:12:44.342404,609.3
2026-06-11 13:12:44.342404,628.9
2026-06-11 14:12:44.342404,637.0
2026-06-11 15:12:44.342404,734.6
2026-06-11 16:12:44.342404,723.2
2026-06-11 17:12:44.342404,787.6
2026-06-11 18:12:44.342404,807.2
2026-06-11 19:12:44.342404,843.2
2026-06-11 20:12:44.342404,872.0
2026-06-11 21:12:44.342404,860.1
2026-06-11 22:12:44.342404,862.8
2026-06-11 23:12:44.342404,603.4
2026-06-12 00:12:44.342404,572.6
2026-06-12 01:12:44.342404,532.9
2026-06-12 02:12:44.342404,516.1
2026-06-12 03:12:44.342404,565.4
2026-06-12 04:12:44.342404,550.4
2026-06-12 05:12:44.342404,569.3
2026-06-12 06:12:44.342404,519.2
2026-06-12 07:12:44.342404,595.0
2026-06-12 08:12:44.342404,561.0
2026-06-12 09:12:44.342404,588.8
2026-06-12 10:12:44.342404,562.5
2026-06-12 11:12:44.342404,585.6
2026-06-12 12:12:44.342404,595.7
2026-06-12 13:12:44.342404,625.6
2026-06-12 14:12:44.342404,673.0
2026-06-12 15:12:44.342404,702.8
2026-06-12 16:12:44.342404,737.4
2026-06-12 17:12:44.342404,788.0
2026-06-12 18:12:44.342404,804.9
2026-06-12 19:12:44.342404,843.5
2026-06-12 20:12:44.342404,828.9
2026-06-12 21:12:44.342404,857.7
2026-06-12 22:12:44.342404,849.6
2026-06-12 23:12:44.342404,523.9
2026-06-13 00:12:44.342404,499.2
2026-06-13 01:12:44.342404,479.1
2026-06-13 02:12:44.342404,519.1
2026-06-13 03:12:44.342404,505.6
2026-06-13 04:12:44.342404,512.8
2026-06-13 05:12:44.342404,537.6
2026-06-13 06:12:44.342404,517.6
2026-06-13 07:12:44.342404,542.1
2026-06-13 08:12:44.342404,515.5
2026-06-13 09:12:44.342404,506.6
2026-06-13 10:12:44.342404,501.2
2026-06-13 11:12:44.342404,548.6
2026-06-13 12:12:44.342404,584.8
2026-06-13 13:12:44.342404,610.3
2026-06-13 14:12:44.342404,611.1
2026-06-13 15:12:44.342404,686.6
2026-06-13 16:12:44.342404,704.1
2026-06-13 17:12:44.342404,764.8
2026-06-13 18:12:44.342404,779.6
2026-06-13 19:12:44.342404,802.4
2026-06-13 20:12:44.342404,817.8
2026-06-13 21:12:44.342404,792.4
2026-06-13 22:12:44.342404,793.7
2026-06-13 23:12:44.342404,508.4
2026-06-14 00:12:44.342404,512.3
2026-06-14 01:12:44.342404,519.6
2026-06-14 02:12:44.342404,510.9
2026-06-14 03:12:44.342404,510.3
2026-06-14 04:12:44.342404,536.4
2026-06-14 05:12:44.342404,538.1
2026-06-14 06:12:44.342404,527.0
2026-06-14 07:12:44.342404,527.1
2026-06-14 08:12:44.342404,529.3
2026-06-14 09:12:44.342404,537.1
2026-06-14 10:12:44.342404,519.3
2026-06-14 11:12:44.342404,558.2
2026-06-14 12:12:44.342404,590.9
2026-06-14 13:12:44.342404,607.6
2026-06-14 14:12:44.342404,638.4
2026-06-14 15:12:44.342404,673.2
2026-06-14 16:12:44.342404,716.3
2026-06-14 17:12:44.342404,749.3
2026-06-14 18:12:44.342404,755.7
2026-06-14 19:12:44.342404,817.9
2026-06-14 20:12:44.342404,814.2
2026-06-14 21:12:44.342404,854.6
2026-06-14 22:12:44.342404,854.4
2026-06-14 23:12:44.342404,514.3
2026-06-15 00:12:44.342404,561.1
2026-06-15 01:12:44.342404,551.6
2026-06-15 02:12:44.342404,543.8
2026-06-15 03:12:44.342404,557.2
2026-06-15 04:12:44.342404,558.6
2026-06-15 05:12:44.342404,538.5
2026-06-15 06:12:44.342404,541.3
2026-06-15 07:12:44.342404,533.6
2026-06-15 08:12:44.342404,545.7
2026-06-15 09:12:44.342404,570.8
2026-06-15 10:12:44.342404,584.9
2026-06-15 11:12:44.342404,548.7
2026-06-15 12:12:44.342404,582.0
2026-06-15 13:12:44.342404,651.6
2026-06-15 14:12:44.342404,656.6
2026-06-15 15:12:44.342404,701.3
2026-06-15 16:12:44.342404,736.7
2026-06-15 17:12:44.342404,797.0
2026-06-15 18:12:44.342404,839.4
2026-06-15 19:12:44.342404,839.2
2026-06-15 20:12:44.342404,846.6
2026-06-15 21:12:44.342404,854.9
2026-06-15 22:12:44.342404,866.5
2026-06-15 23:12:44.342404,566.2
2026-06-16 00:12:44.342404,554.5
2026-06-16 01:12:44.342404,557.6
2026-06-16 02:12:44.342404,547.5
2026-06-16 03:12:44.342404,548.3
2026-06-16 04:12:44.342404,537.4
2026-06-16 05:12:44.342404,575.5
2026-06-16 06:12:44.342404,524.4
2026-06-16 07:12:44.342404,582.6
2026-06-16 08:12:44.342404,563.1
2026-06-16 09:12:44.342404,557.0
2026-06-16 10:12:44.342404,554.3
2026-06-16 11:12:44.342404,574.1
2026-06-16 12:12:44.342404,628.7
2026-06-16 13:12:44.342404,634.5
2026-06-16 14:12:44.342404,672.0
2026-06-16 15:12:44.342404,711.3
2026-06-16 16:12:44.342404,736.8
2026-06-16 17:12:44.342404,774.9
2026-06-16 18:12:44.342404,822.4
2026-06-16 19:12:44.342404,825.8
2026-06-16 20:12:44.342404,851.9
2026-06-16 21:12:44.342404,875.9
2026-06-16 22:12:44.342404,843.3
2026-06-16 23:12:44.342404,556.9
2026-06-17 00:12:44.342404,554.4
2026-06-17 01:12:44.342404,566.1
2026-06-17 02:12:44.342404,560.7
2026-06-17 03:12:44.342404,548.3
2026-06-17 04:12:44.342404,550.6
2026-06-17 05:12:44.342404,549.0
2026-06-17 06:12:44.342404,547.8
2026-06-17 07:12:44.342404,552.4
2026-06-17 08:12:44.342404,566.4
2026-06-17 09:12:44.342404,548.6
2026-06-17 10:12:44.342404,571.0
2026-06-17 11:12:44.342404,580.0
2026-06-17 12:12:44.342404,596.9
2026-06-17 13:12:44.342404,626.8
2026-06-17 14:12:44.342404,650.0
2026-06-17 15:12:44.342404,710.6
2026-06-17 16:12:44.342404,746.3
2026-06-17 17:12:44.342404,774.4
2026-06-17 18:12:44.342404,785.0
2026-06-17 19:12:44.342404,835.5
2026-06-17 20:12:44.342404,851.6
2026-06-17 21:12:44.342404,875.3
2026-06-17 22:12:44.342404,854.2
2026-06-17 23:12:44.342404,576.6
2026-06-18 00:12:44.342404,549.3
2026-06-18 01:12:44.342404,554.8
2026-06-18 02:12:44.342404,543.7
2026-06-18 03:12:44.342404,554.8
2026-06-18 04:12:44.342404,571.2
2026-06-18 05:12:44.342404,571.6
2026-06-18 06:12:44.342404,562.2
2026-06-18 07:12:44.342404,558.8
2026-06-18 08:12:44.342404,542.9
2026-06-18 09:12:44.342404,555.1
2026-06-18 10:12:44.342404,553.8
2026-06-18 11:12:44.342404,588.9
2026-06-18 12:12:44.342404,609.9
2026-06-18 13:12:44.342404,639.1
2026-06-18 14:12:44.342404,661.5
2026-06-18 15:12:44.342404,711.1
2026-06-18 16:12:44.342404,752.8
2026-06-18 17:12:44.342404,778.8
2026-06-18 18:12:44.342404,811.4
2026-06-18 19:12:44.342404,843.4
2026-06-18 20:12:44.342404,837.4
2026-06-18 21:12:44.342404,850.3
2026-06-18 22:12:44.342404,844.0
2026-06-18 23:12:44.342404,573.8
2026-06-19 00:12:44.342404,551.0
2026-06-19 01:12:44.342404,559.4
2026-06-19 02:12:44.342404,568.7
2026-06-19 03:12:44.342404,547.7
2026-06-19 04:12:44.342404,572.2
2026-06-19 05:12:44.342404,573.5
2026-06-19 06:12:44.342404,527.2
2026-06-19 07:12:44.342404,584.5
2026-06-19 08:12:44.342404,579.7
2026-06-19 09:12:44.342404,553.3
2026-06-19 10:12:44.342404,572.3
2026-06-19 11:12:44.342404,559.3
2026-06-19 12:12:44.342404,579.3
2026-06-19 13:12:44.342404,627.8
2026-06-19 14:12:44.342404,655.7
2026-06-19 15:12:44.342404,714.5
2026-06-19 16:12:44.342404,752.9
2026-06-19 17:12:44.342404,810.6
2026-06-19 18:12:44.342404,827.2
2026-06-19 19:12:44.342404,830.1
2026-06-19 20:12:44.342404,854.8
2026-06-19 21:12:44.342404,862.5
2026-06-19 22:12:44.342404,862.0
2026-06-19 23:12:44.342404,527.9
2026-06-20 00:12:44.342404,512.5
2026-06-20 01:12:44.342404,534.9
2026-06-20 02:12:44.342404,525.2
2026-06-20 03:12:44.342404,519.9
2026-06-20 04:12:44.342404,511.5
2026-06-20 05:12:44.342404,517.3
2026-06-20 06:12:44.342404,519.9
2026-06-20 07:12:44.342404,525.8
2026-06-20 08:12:44.342404,528.5
2026-06-20 09:12:44.342404,520.4
2026-06-20 10:12:44.342404,518.2
2026-06-20 11:12:44.342404,533.1
2026-06-20 12:12:44.342404,544.6
2026-06-20 13:12:44.342404,611.0
2026-06-20 14:12:44.342404,638.0
2026-06-20 15:12:44.342404,673.7
2026-06-20 16:12:44.342404,716.3
2026-06-20 17:12:44.342404,703.0
2026-06-20 18:12:44.342404,800.9
2026-06-20 19:12:44.342404,759.7
2026-06-20 20:12:44.342404,827.7
2026-06-20 21:12:44.342404,820.9
2026-06-20 22:12:44.342404,798.4
2026-06-20 23:12:44.342404,521.0
2026-06-21 00:12:44.342404,526.8
2026-06-21 01:12:44.342404,511.9
2026-06-21 02:12:44.342404,537.5
2026-06-21 03:12:44.342404,496.9
2026-06-21 04:12:44.342404,503.6
2026-06-21 05:12:44.342404,500.6
2026-06-21 06:12:44.342404,498.1
2026-06-21 07:12:44.342404,542.1
2026-06-21 08:12:44.342404,548.7
2026-06-21 09:12:44.342404,532.3
2026-06-21 10:12:44.342404,520.1
2026-06-21 11:12:44.342404,560.5
2026-06-21 12:12:44.342404,579.0
2026-06-21 13:12:44.342404,584.6
2026-06-21 14:12:44.342404,626.4
2026-06-21 15:12:44.342404,674.0
2026-06-21 16:12:44.342404,696.7
2026-06-21 17:12:44.342404,729.8
2026-06-21 18:12:44.342404,786.8
2026-06-21 19:12:44.342404,814.1
2026-06-21 20:12:44.342404,799.3
2026-06-21 21:12:44.342404,825.2
2026-06-21 22:12:44.342404,819.8
2026-06-21 23:12:44.342404,503.2
2026-06-22 00:12:44.342404,564.6
2026-06-22 01:12:44.342404,567.5
2026-06-22 02:12:44.342404,568.2
2026-06-22 03:12:44.342404,555.3
2026-06-22 04:12:44.342404,564.1
2026-06-22 05:12:44.342404,562.3
2026-06-22 06:12:44.342404,560.8
2026-06-22 07:12:44.342404,592.9
2026-06-22 08:12:44.342404,550.3
2026-06-22 09:12:44.342404,546.8
2026-06-22 10:12:44.342404,548.7
2026-06-22 11:12:44.342404,594.5
2026-06-22 12:12:44.342404,603.2
2026-06-22 13:12:44.342404,625.2
2026-06-22 14:12:44.342404,689.7
2026-06-22 15:12:44.342404,706.0
2026-06-22 16:12:44.342404,715.7
2026-06-22 17:12:44.342404,774.9
2026-06-22 18:12:44.342404,817.1
2026-06-22 19:12:44.342404,845.0
2026-06-22 20:12:44.342404,844.3
2026-06-22 21:12:44.342404,853.2
2026-06-22 22:12:44.342404,847.1
2026-06-22 23:12:44.342404,569.0
2026-06-23 00:12:44.342404,579.6
2026-06-23 01:12:44.342404,548.5
2026-06-23 02:12:44.342404,580.7
2026-06-23 03:12:44.342404,562.2
2026-06-23 04:12:44.342404,557.2
2026-06-23 05:12:44.342404,555.1
2026-06-23 06:12:44.342404,545.0
2026-06-23 07:12:44.342404,566.8
2026-06-23 08:12:44.342404,549.6
2026-06-23 09:12:44.342404,543.0
2026-06-23 10:12:44.342404,570.4
2026-06-23 11:12:44.342404,610.9
2026-06-23 12:12:44.342404,592.0
2026-06-23 13:12:44.342404,630.2
2026-06-23 14:12:44.342404,685.4
2026-06-23 15:12:44.342404,694.3
2026-06-23 16:12:44.342404,727.3
2026-06-23 17:12:44.342404,755.4
2026-06-23 18:12:44.342404,816.3
2026-06-23 19:12:44.342404,829.8
2026-06-23 20:12:44.342404,834.6
2026-06-23 21:12:44.342404,849.3
2026-06-23 22:12:44.342404,867.3
2026-06-23 23:12:44.342404,553.0
2026-06-24 00:12:44.342404,571.8
2026-06-24 01:12:44.342404,565.8
2026-06-24 02:12:44.342404,561.5
2026-06-24 03:12:44.342404,558.9
2026-06-24 04:12:44.342404,569.2
2026-06-24 05:12:44.342404,563.5
2026-06-24 06:12:44.342404,562.0
2026-06-24 07:12:44.342404,550.1
2026-06-24 08:12:44.342404,559.5
2026-06-24 09:12:44.342404,535.9
2026-06-24 10:12:44.342404,548.0
2026-06-24 11:12:44.342404,594.3
2026-06-24 12:12:44.342404,600.7
2026-06-24 13:12:44.342404,658.9
2026-06-24 14:12:44.342404,681.1
2026-06-24 15:12:44.342404,698.8
2026-06-24 16:12:44.342404,741.8
2026-06-24 17:12:44.342404,793.8
2026-06-24 18:12:44.342404,823.3
2026-06-24 19:12:44.342404,853.5
2026-06-24 20:12:44.342404,821.3
2026-06-24 21:12:44.342404,835.6
2026-06-24 22:12:44.342404,845.0
2026-06-24 23:12:44.342404,569.2
2026-06-25 00:12:44.342404,571.1
2026-06-25 01:12:44.342404,516.6
2026-06-25 02:12:44.342404,546.0
2026-06-25 03:12:44.342404,567.6
2026-06-25 04:12:44.342404,543.9
2026-06-25 05:12:44.342404,563.5
2026-06-25 06:12:44.342404,566.3
2026-06-25 07:12:44.342404,572.1
2026-06-25 08:12:44.342404,565.8
2026-06-25 09:12:44.342404,557.6
2026-06-25 10:12:44.342404,572.3
2026-06-25 11:12:44.342404,576.4
2026-06-25 12:12:44.342404,576.3
2026-06-25 13:12:44.342404,643.2
2026-06-25 14:12:44.342404,670.6
2026-06-25 15:12:44.342404,718.2
2026-06-25 16:12:44.342404,736.1
2026-06-25 17:12:44.342404,780.9
2026-06-25 18:12:44.342404,808.4
2026-06-25 19:12:44.342404,853.4
2026-06-25 20:12:44.342404,865.0
2026-06-25 21:12:44.342404,882.6
2026-06-25 22:12:44.342404,853.2
2026-06-25 23:12:44.342404,541.3
2026-06-26 00:12:44.342404,544.4
2026-06-26 01:12:44.342404,573.8
2026-06-26 02:12:44.342404,580.0
2026-06-26 03:12:44.342404,540.3
2026-06-26 04:12:44.342404,552.6
2026-06-26 05:12:44.342404,543.4
2026-06-26 06:12:44.342404,590.1
2026-06-26 07:12:44.342404,586.1
2026-06-26 08:12:44.342404,552.1
2026-06-26 09:12:44.342404,546.2
2026-06-26 10:12:44.342404,587.1
2026-06-26 11:12:44.342404,590.0
2026-06-26 12:12:44.342404,604.7
2026-06-26 13:12:44.342404,628.8
2026-06-26 14:12:44.342404,665.4
2026-06-26 15:12:44.342404,689.5
2026-06-26 16:12:44.342404,738.5
2026-06-26 17:12:44.342404,778.4
2026-06-26 18:12:44.342404,814.3
2026-06-26 19:12:44.342404,839.0
2026-06-26 20:12:44.342404,869.6
2026-06-26 21:12:44.342404,849.4
2026-06-26 22:12:44.342404,876.3
2026-06-26 23:12:44.342404,558.6
2026-06-27 00:12:44.342404,525.8
2026-06-27 01:12:44.342404,536.1
2026-06-27 02:12:44.342404,528.6
2026-06-27 03:12:44.342404,531.7
2026-06-27 04:12:44.342404,511.6
2026-06-27 05:12:44.342404,518.2
2026-06-27 06:12:44.342404,531.6
2026-06-27 07:12:44.342404,552.1
2026-06-27 08:12:44.342404,528.5
2026-06-27 09:12:44.342404,531.5
2026-06-27 10:12:44.342404,513.6
2026-06-27 11:12:44.342404,551.0
2026-06-27 12:12:44.342404,578.7
2026-06-27 13:12:44.342404,596.0
2026-06-27 14:12:44.342404,634.8
2026-06-27 15:12:44.342404,640.4
2026-06-27 16:12:44.342404,730.6
2026-06-27 17:12:44.342404,751.2
2026-06-27 18:12:44.342404,785.8
2026-06-27 19:12:44.342404,805.9
2026-06-27 20:12:44.342404,822.9
2026-06-27 21:12:44.342404,826.9
2026-06-27 22:12:44.342404,838.1
2026-06-27 23:12:44.342404,558.3
2026-06-28 00:12:44.342404,537.4
2026-06-28 01:12:44.342404,539.9
2026-06-28 02:12:44.342404,514.4
2026-06-28 03:12:44.342404,517.9
2026-06-28 04:12:44.342404,526.7
2026-06-28 05:12:44.342404,529.3
2026-06-28 06:12:44.342404,526.8
2026-06-28 07:12:44.342404,526.9
2026-06-28 08:12:44.342404,520.1
2026-06-28 09:12:44.342404,515.7
2026-06-28 10:12:44.342404,533.3
2026-06-28 11:12:44.342404,536.6
2026-06-28 12:12:44.342404,562.2
2026-06-28 13:12:44.342404,592.3
2026-06-28 14:12:44.342404,641.9
2026-06-28 15:12:44.342404,689.3
2026-06-28 16:12:44.342404,698.2
2026-06-28 17:12:44.342404,757.8
2026-06-28 18:12:44.342404,763.8
2026-06-28 19:12:44.342404,811.0
2026-06-28 20:12:44.342404,797.3
2026-06-28 21:12:44.342404,842.1
2026-06-28 22:12:44.342404,812.2
2026-06-28 23:12:44.342404,524.6
2026-06-29 00:12:44.342404,563.1
2026-06-29 01:12:44.342404,581.8
2026-06-29 02:12:44.342404,551.5
2026-06-29 03:12:44.342404,560.6
2026-06-29 04:12:44.342404,563.8
2026-06-29 05:12:44.342404,576.1
2026-06-29 06:12:44.342404,550.1
2026-06-29 07:12:44.342404,549.5
2026-06-29 08:12:44.342404,549.4
2026-06-29 09:12:44.342404,572.4
2026-06-29 10:12:44.342404,567.8
2026-06-29 11:12:44.342404,580.6
2026-06-29 12:12:44.342404,592.8
2026-06-29 13:12:44.342404,637.6
2026-06-29 14:12:44.342404,680.4
2026-06-29 15:12:44.342404,709.8
2026-06-29 16:12:44.342404,769.8
2026-06-29 17:12:44.342404,799.2
2026-06-29 18:12:44.342404,815.7
2026-06-29 19:12:44.342404,851.9
2026-06-29 20:12:44.342404,857.5
2026-06-29 21:12:44.342404,866.2
2026-06-29 22:12:44.342404,853.0
2026-06-29 23:12:44.342404,564.3
2026-06-30 00:12:44.342404,539.3
2026-06-30 01:12:44.342404,549.7
2026-06-30 02:12:44.342404,579.4
2026-06-30 03:12:44.342404,556.9
2026-06-30 04:12:44.342404,545.9
2026-06-30 05:12:44.342404,586.6
2026-06-30 06:12:44.342404,557.3
2026-06-30 07:12:44.342404,589.8
2026-06-30 08:12:44.342404,559.2
2026-06-30 09:12:44.342404,575.6
2026-06-30 10:12:44.342404,566.9
2026-06-30 11:12:44.342404,556.7
2026-06-30 12:12:44.342404,636.8
2026-06-30 13:12:44.342404,628.0
2026-06-30 14:12:44.342404,668.2
2026-06-30 15:12:44.342404,693.7
2026-06-30 16:12:44.342404,723.7
2026-06-30 17:12:44.342404,803.3
2026-06-30 18:12:44.342404,821.0
2026-06-30 19:12:44.342404,812.7
2026-06-30 20:12:44.342404,851.1
2026-06-30 21:12:44.342404,867.5
2026-06-30 22:12:44.342404,865.8
2026-06-30 23:12:44.342404,548.6
2026-07-01 00:12:44.342404,554.2
2026-07-01 01:12:44.342404,551.8
2026-07-01 02:12:44.342404,556.3
2026-07-01 03:12:44.342404,565.3
2026-07-01 04:12:44.342404,574.1
2026-07-01 05:12:44.342404,565.5
2026-07-01 06:12:44.342404,565.9
2026-07-01 07:12:44.342404,579.2
2026-07-01 08:12:44.342404,549.5
2026-07-01 09:12:44.342404,559.8
2026-07-01 10:12:44.342404,560.7
2026-07-01 11:12:44.342404,571.8
2026-07-01 12:12:44.342404,606.2
2026-07-01 13:12:44.342404,613.6
2026-07-01 14:12:44.342404,666.2
2026-07-01 15:12:44.342404,701.7
2026-07-01 16:12:44.342404,738.3
2026-07-01 17:12:44.342404,795.8
2026-07-01 18:12:44.342404,820.0
2026-07-01 19:12:44.342404,849.0
2026-07-01 20:12:44.342404,863.4
2026-07-01 21:12:44.342404,847.3
2026-07-01 22:12:44.342404,873.4
2026-07-01 23:12:44.342404,555.0
2026-07-02 00:12:44.342404,579.1
2026-07-02 01:12:44.342404,556.4
2026-07-02 02:12:44.342404,543.1
2026-07-02 03:12:44.342404,546.4
2026-07-02 04:12:44.342404,576.4
2026-07-02 05:12:44.342404,570.3
2026-07-02 06:12:44.342404,551.0
2026-07-02 07:12:44.342404,585.6
2026-07-02 08:12:44.342404,581.9
2026-07-02 09:12:44.342404,586.7
2026-07-02 10:12:44.342404,569.6
2026-07-02 11:12:44.342404,587.2
2026-07-02 12:12:44.342404,603.7
2026-07-02 13:12:44.342404,637.5
2026-07-02 14:12:44.342404,682.1
2026-07-02 15:12:44.342404,696.0
2026-07-02 16:12:44.342404,760.9
2026-07-02 17:12:44.342404,781.5
2026-07-02 18:12:44.342404,807.3
2026-07-02 19:12:44.342404,831.2
2026-07-02 20:12:44.342404,885.8
2026-07-02 21:12:44.342404,881.8
2026-07-02 22:12:44.342404,844.3
2026-07-02 23:12:44.342404,566.4
2026-07-03 00:12:44.342404,565.8
2026-07-03 01:12:44.342404,588.4
2026-07-03 02:12:44.342404,555.8
2026-07-03 03:12:44.342404,529.1
2026-07-03 04:12:44.342404,560.6
2026-07-03 05:12:44.342404,558.3
2026-07-03 06:12:44.342404,569.3
2026-07-03 07:12:44.342404,595.4
2026-07-03 08:12:44.342404,584.7
2026-07-03 09:12:44.342404,579.1
2026-07-03 10:12:44.342404,577.3
2026-07-03 11:12:44.342404,598.3
2026-07-03 12:12:44.342404,585.9
2026-07-03 13:12:44.342404,633.6
2026-07-03 14:12:44.342404,673.8
2026-07-03 15:12:44.342404,719.3
2026-07-03 16:12:44.342404,741.9
2026-07-03 17:12:44.342404,777.5
2026-07-03 18:12:44.342404,813.3
2026-07-03 19:12:44.342404,849.0
2026-07-03 20:12:44.342404,807.1
2026-07-03 21:12:44.342404,862.3
2026-07-03 22:12:44.342404,846.6
2026-07-03 23:12:44.342404,549.7
2026-07-04 00:12:44.342404,527.6
2026-07-04 01:12:44.342404,524.8
2026-07-04 02:12:44.342404,525.7
2026-07-04 03:12:44.342404,525.2
2026-07-04 04:12:44.342404,543.7
2026-07-04 05:12:44.342404,540.3
2026-07-04 06:12:44.342404,501.8
2026-07-04 07:12:44.342404,535.5
2026-07-04 08:12:44.342404,522.3
2026-07-04 09:12:44.342404,499.9
2026-07-04 10:12:44.342404,568.7
2026-07-04 11:12:44.342404,544.4
2026-07-04 12:12:44.342404,548.9
2026-07-04 13:12:44.342404,613.8
2026-07-04 14:12:44.342404,635.9
2026-07-04 15:12:44.342404,661.4
2026-07-04 16:12:44.342404,722.0
2026-07-04 17:12:44.342404,761.5
2026-07-04 18:12:44.342404,789.2
2026-07-04 19:12:44.342404,810.9
2026-07-04 20:12:44.342404,807.1
2026-07-04 21:12:44.342404,798.2
2026-07-04 22:12:44.342404,799.7
2026-07-04 23:12:44.342404,515.7
2026-07-05 00:12:44.342404,496.8
2026-07-05 01:12:44.342404,549.9
2026-07-05 02:12:44.342404,507.9
2026-07-05 03:12:44.342404,520.0
2026-07-05 04:12:44.342404,524.9
2026-07-05 05:12:44.342404,539.4
2026-07-05 06:12:44.342404,530.2
2026-07-05 07:12:44.342404,546.0
2026-07-05 08:12:44.342404,563.1
2026-07-05 09:12:44.342404,547.1
2026-07-05 10:12:44.342404,534.0
2026-07-05 11:12:44.342404,547.4
2026-07-05 12:12:44.342404,564.9
2026-07-05 13:12:44.342404,608.9
2026-07-05 14:12:44.342404,628.6
2026-07-05 15:12:44.342404,661.9
2026-07-05 16:12:44.342404,732.7
2026-07-05 17:12:44.342404,736.6
2026-07-05 18:12:44.342404,778.6
2026-07-05 19:12:44.342404,797.1
2026-07-05 20:12:44.342404,816.9
2026-07-05 21:12:44.342404,826.1
2026-07-05 22:12:44.342404,818.1
2026-07-05 23:12:44.342404,509.9
2026-07-06 00:12:44.342404,557.0
2026-07-06 01:12:44.342404,572.9
2026-07-06 02:12:44.342404,566.5
2026-07-06 03:12:44.342404,569.0
2026-07-06 04:12:44.342404,576.7
2026-07-06 05:12:44.342404,571.2
2026-07-06 06:12:44.342404,554.2
2026-07-06 07:12:44.342404,588.1
2026-07-06 08:12:44.342404,572.8
2026-07-06 09:12:44.342404,539.4
2026-07-06 10:12:44.342404,543.2
2026-07-06 11:12:44.342404,590.0
2026-07-06 12:12:44.342404,598.7
2026-07-06 13:12:44.342404,631.3
2026-07-06 14:12:44.342404,678.5
2026-07-06 15:12:44.342404,713.5
2026-07-06 16:12:44.342404,751.2
2026-07-06 17:12:44.342404,810.7
2026-07-06 18:12:44.342404,815.6
2026-07-06 19:12:44.342404,847.1
2026-07-06 20:12:44.342404,849.3
2026-07-06 21:12:44.342404,878.8
2026-07-06 22:12:44.342404,863.2
2026-07-06 23:12:44.342404,589.7
2026-07-07 00:12:44.342404,565.5
2026-07-07 01:12:44.342404,568.0
2026-07-07 02:12:44.342404,562.8
2026-07-07 03:12:44.342404,587.0
2026-07-07 04:12:44.342404,568.9
2026-07-07 05:12:44.342404,562.2
2026-07-07 06:12:44.342404,550.0
2026-07-07 07:12:44.342404,550.4
2026-07-07 08:12:44.342404,569.9
2026-07-07 09:12:44.342404,558.9
2026-07-07 10:12:44.342404,521.2
2026-07-07 11:12:44.342404,577.4
2026-07-07 12:12:44.342404,591.8
2026-07-07 13:12:44.342404,663.5
2026-07-07 14:12:44.342404,673.7
2026-07-07 15:12:44.342404,732.0
2026-07-07 16:12:44.342404,759.1
2026-07-07 17:12:44.342404,803.8
2026-07-07 18:12:44.342404,854.1
2026-07-07 19:12:44.342404,855.7
2026-07-07 20:12:44.342404,906.6
2026-07-07 21:12:44.342404,872.9
2026-07-07 22:12:44.342404,876.7
2026-07-07 23:12:44.342404,558.5
2026-07-08 00:12:44.342404,542.2
2026-07-08 01:12:44.342404,526.0
2026-07-08 02:12:44.342404,576.8
2026-07-08 03:12:44.342404,556.3
2026-07-08 04:12:44.342404,558.5
2026-07-08 05:12:44.342404,558.3
2026-07-08 06:12:44.342404,553.6
2026-07-08 07:12:44.342404,608.6
2026-07-08 08:12:44.342404,555.5
2026-07-08 09:12:44.342404,571.0
2026-07-08 10:12:44.342404,576.1
2026-07-08 11:12:44.342404,561.5
2026-07-08 12:12:44.342404,616.3
2026-07-08 13:12:44.342404,621.5
2026-07-08 14:12:44.342404,673.5
2026-07-08 15:12:44.342404,708.0
2026-07-08 16:12:44.342404,753.4
2026-07-08 17:12:44.342404,797.8
2026-07-08 18:12:44.342404,806.6
2026-07-08 19:12:44.342404,834.9
2026-07-08 20:12:44.342404,834.3
2026-07-08 21:12:44.342404,847.5
2026-07-08 22:12:44.342404,870.1
2026-07-08 23:12:44.342404,558.2
2026-07-09 00:12:44.342404,577.5
2026-07-09 01:12:44.342404,549.6
2026-07-09 02:12:44.342404,552.3
2026-07-09 03:12:44.342404,580.4
2026-07-09 04:12:44.342404,567.3
2026-07-09 05:12:44.342404,541.5
2026-07-09 06:12:44.342404,555.4
2026-07-09 07:12:44.342404,596.9
2026-07-09 08:12:44.342404,566.5
2026-07-09 09:12:44.342404,582.2
2026-07-09 10:12:44.342404,549.6
2026-07-09 11:12:44.342404,602.2
2026-07-09 12:12:44.342404,590.1
2026-07-09 13:12:44.342404,642.6
2026-07-09 14:12:44.342404,689.3
2026-07-09 15:12:44.342404,715.9
2026-07-09 16:12:44.342404,761.4
2026-07-09 17:12:44.342404,804.4
2026-07-09 18:12:44.342404,827.2
2026-07-09 19:12:44.342404,839.2
2026-07-09 20:12:44.342404,855.5
2026-07-09 21:12:44.342404,851.3
2026-07-09 22:12:44.342404,840.7
2026-07-09 23:12:44.342404,583.8
2026-07-10 00:12:44.342404,573.3
2026-07-10 01:12:44.342404,585.8
2026-07-10 02:12:44.342404,573.2
2026-07-10 03:12:44.342404,558.8
2026-07-10 04:12:44.342404,546.6
2026-07-10 05:12:44.342404,556.4
2026-07-10 06:12:44.342404,574.2
2026-07-10 07:12:44.342404,573.5
2026-07-10 08:12:44.342404,589.0
2026-07-10 09:12:44.342404,558.7
2026-07-10 10:12:44.342404,551.2
2026-07-10 11:12:44.342404,579.5
2026-07-10 12:12:44.342404,611.6
2026-07-10 13:12:44.342404,664.7
2026-07-10 14:12:44.342404,677.1
2026-07-10 15:12:44.342404,704.9
2026-07-10 16:12:44.342404,774.3
2026-07-10 17:12:44.342404,806.5
2026-07-10 18:12:44.342404,818.7
2026-07-10 19:12:44.342404,819.9
2026-07-10 20:12:44.342404,850.4
2026-07-10 21:12:44.342404,875.2
2026-07-10 22:12:44.342404,877.9
2026-07-10 23:12:44.342404,566.4
2026-07-11 00:12:44.342404,523.0
2026-07-11 01:12:44.342404,516.6
2026-07-11 02:12:44.342404,535.5
2026-07-11 03:12:44.342404,509.1
2026-07-11 04:12:44.342404,516.1
2026-07-11 05:12:44.342404,544.9
2026-07-11 06:12:44.342404,538.9
2026-07-11 07:12:44.342404,566.7
2026-07-11 08:12:44.342404,519.7
2026-07-11 09:12:44.342404,505.6
2026-07-11 10:12:44.342404,551.7
2026-07-11 11:12:44.342404,555.6
2026-07-11 12:12:44.342404,583.7
2026-07-11 13:12:44.342404,610.7
2026-07-11 14:12:44.342404,663.4
2026-07-11 15:12:44.342404,685.1
2026-07-11 16:12:44.342404,716.4
2026-07-11 17:12:44.342404,754.3
2026-07-11 18:12:44.342404,784.0
2026-07-11 19:12:44.342404,828.1
2026-07-11 20:12:44.342404,838.2
2026-07-11 21:12:44.342404,848.3
2026-07-11 22:12:44.342404,789.4
2026-07-11 23:12:44.342404,521.1
2026-07-12 00:12:44.342404,511.2
2026-07-12 01:12:44.342404,552.7
2026-07-12 02:12:44.342404,513.7
2026-07-12 03:12:44.342404,533.9
2026-07-12 04:12:44.342404,554.7
2026-07-12 05:12:44.342404,529.9
2026-07-12 06:12:44.342404,519.5
2026-07-12 07:12:44.342404,548.2
2026-07-12 08:12:44.342404,509.8
2026-07-12 09:12:44.342404,502.5
2026-07-12 10:12:44.342404,538.4
2026-07-12 11:12:44.342404,508.5
2026-07-12 12:12:44.342404,567.9
2026-07-12 13:12:44.342404,597.9
2026-07-12 14:12:44.342404,665.6
2026-07-12 15:12:44.342404,682.9
2026-07-12 16:12:44.342404,709.5
2026-07-12 17:12:44.342404,764.1
2026-07-12 18:12:44.342404,783.8
2026-07-12 19:12:44.342404,788.5
2026-07-12 20:12:44.342404,824.3
2026-07-12 21:12:44.342404,827.3
2026-07-12 22:12:44.342404,821.2
2026-07-12 23:12:44.342404,531.8
2026-07-13 00:12:44.342404,581.0
2026-07-13 01:12:44.342404,570.5
2026-07-13 02:12:44.342404,545.9
2026-07-13 03:12:44.342404,542.3
2026-07-13 04:12:44.342404,559.3
2026-07-13 05:12:44.342404,558.3
2026-07-13 06:12:44.342404,570.4
2026-07-13 07:12:44.342404,605.1
2026-07-13 08:12:44.342404,593.6
2026-07-13 09:12:44.342404,555.4
2026-07-13 10:12:44.342404,543.6
2026-07-13 11:12:44.342404,586.0
2026-07-13 12:12:44.342404,625.4
2026-07-13 13:12:44.342404,633.5
2026-07-13 14:12:44.342404,677.0
2026-07-13 15:12:44.342404,712.5
2026-07-13 16:12:44.342404,777.6
2026-07-13 17:12:44.342404,824.6
2026-07-13 18:12:44.342404,831.1
2026-07-13 19:12:44.342404,855.3
2026-07-13 20:12:44.342404,839.0
2026-07-13 21:12:44.342404,858.7
2026-07-13 22:12:44.342404,873.2
2026-07-13 23:12:44.342404,571.1
2026-07-14 00:12:44.342404,572.7
2026-07-14 01:12:44.342404,539.4
2026-07-14 02:12:44.342404,533.1
2026-07-14 03:12:44.342404,594.4
2026-07-14 04:12:44.342404,562.8
2026-07-14 05:12:44.342404,540.0
2026-07-14 06:12:44.342404,563.2
2026-07-14 07:12:44.342404,563.7
2026-07-14 08:12:44.342404,552.9
2026-07-14 09:12:44.342404,553.9
2026-07-14 10:12:44.342404,548.7
2026-07-14 11:12:44.342404,534.3
2026-07-14 12:12:44.342404,620.5
2026-07-14 13:12:44.342404,631.4
2026-07-14 14:12:44.342404,690.6
2026-07-14 15:12:44.342404,715.7
2026-07-14 16:12:44.342404,726.7
2026-07-14 17:12:44.342404,789.7
2026-07-14 18:12:44.342404,842.5
2026-07-14 19:12:44.342404,843.6
2026-07-14 20:12:44.342404,849.2
2026-07-14 21:12:44.342404,843.6
2026-07-14 22:12:44.342404,851.5
2026-07-14 23:12:44.342404,547.8
2026-07-15 00:12:44.342404,558.1
2026-07-15 01:12:44.342404,532.5
2026-07-15 02:12:44.342404,547.0
2026-07-15 03:12:44.342404,574.2
2026-07-15 04:12:44.342404,567.5
2026-07-15 05:12:44.342404,560.3
2026-07-15 06:12:44.342404,546.3
2026-07-15 07:12:44.342404,610.1
2026-07-15 08:12:44.342404,603.1
2026-07-15 09:12:44.342404,546.7
2026-07-15 10:12:44.342404,583.4
2026-07-15 11:12:44.342404,567.7
2026-07-15 12:12:44.342404,617.3
2026-07-15 13:12:44.342404,604.2
2026-07-15 14:12:44.342404,667.3
2026-07-15 15:12:44.342404,718.3
2026-07-15 16:12:44.342404,760.1
2026-07-15 17:12:44.342404,775.1
2026-07-15 18:12:44.342404,830.4
2026-07-15 19:12:44.342404,844.1
2026-07-15 20:12:44.342404,838.3
2026-07-15 21:12:44.342404,848.5
2026-07-15 22:12:44.342404,885.0
2026-07-15 23:12:44.342404,568.2
2026-07-16 00:12:44.342404,558.9
2026-07-16 01:12:44.342404,542.7
2026-07-16 02:12:44.342404,556.9
2026-07-16 03:12:44.342404,568.5
2026-07-16 04:12:44.342404,571.3
2026-07-16 05:12:44.342404,567.4
2026-07-16 06:12:44.342404,555.3
2026-07-16 07:12:44.342404,557.1
2026-07-16 08:12:44.342404,569.2
2026-07-16 09:12:44.342404,565.0
2026-07-16 10:12:44.342404,557.5
2026-07-16 11:12:44.342404,582.5
2026-07-16 12:12:44.342404,611.0
2026-07-16 13:12:44.342404,645.5
2026-07-16 14:12:44.342404,689.1
2026-07-16 15:12:44.342404,678.9
2026-07-16 16:12:44.342404,761.4
2026-07-16 17:12:44.342404,766.3
2026-07-16 18:12:44.342404,805.9
2026-07-16 19:12:44.342404,861.8
2026-07-16 20:12:44.342404,842.0
2026-07-16 21:12:44.342404,878.9
2026-07-16 22:12:44.342404,851.7
2026-07-16 23:12:44.342404,588.3
2026-07-17 00:12:44.342404,545.2
2026-07-17 01:12:44.342404,564.4
2026-07-17 02:12:44.342404,523.4
2026-07-17 03:12:44.342404,567.1
2026-07-17 04:12:44.342404,540.8
2026-07-17 05:12:44.342404,561.9
2026-07-17 06:12:44.342404,552.6
2026-07-17 07:12:44.342404,612.9
2026-07-17 08:12:44.342404,564.1
2026-07-17 09:12:44.342404,590.9
2026-07-17 10:12:44.342404,555.8
2026-07-17 11:12:44.342404,535.9
2026-07-17 12:12:44.342404,621.2
2026-07-17 13:12:44.342404,622.5
2026-07-17 14:12:44.342404,693.8
2026-07-17 15:12:44.342404,713.7
2026-07-17 16:12:44.342404,763.7
2026-07-17 17:12:44.342404,804.3
2026-07-17 18:12:44.342404,855.2
2026-07-17 19:12:44.342404,861.8
2026-07-17 20:12:44.342404,863.7
2026-07-17 21:12:44.342404,878.9
2026-07-17 22:12:44.342404,872.2
2026-07-17 23:12:44.342404,573.5
2026-07-18 00:12:44.342404,556.4
2026-07-18 01:12:44.342404,522.6
2026-07-18 02:12:44.342404,528.3
2026-07-18 03:12:44.342404,517.3
2026-07-18 04:12:44.342404,567.5
2026-07-18 05:12:44.342404,521.3
2026-07-18 06:12:44.342404,531.3
2026-07-18 07:12:44.342404,531.8
2026-07-18 08:12:44.342404,524.9
2026-07-18 09:12:44.342404,541.3
2026-07-18 10:12:44.342404,529.3
2026-07-18 11:12:44.342404,563.9
2026-07-18 12:12:44.342404,582.4
2026-07-18 13:12:44.342404,599.5
2026-07-18 14:12:44.342404,624.0
2026-07-18 15:12:44.342404,680.6
2026-07-18 16:12:44.342404,719.4
2026-07-18 17:12:44.342404,751.4
2026-07-18 18:12:44.342404,786.7
2026-07-18 19:12:44.342404,795.5
2026-07-18 20:12:44.342404,831.0
2026-07-18 21:12:44.342404,832.6
2026-07-18 22:12:44.342404,809.6
2026-07-18 23:12:44.342404,519.1
2026-07-19 00:12:44.342404,525.4
2026-07-19 01:12:44.342404,519.2
2026-07-19 02:12:44.342404,514.6
2026-07-19 03:12:44.342404,541.8
2026-07-19 04:12:44.342404,539.6
2026-07-19 05:12:44.342404,535.4
2026-07-19 06:12:44.342404,508.7
2026-07-19 07:12:44.342404,574.2
2026-07-19 08:12:44.342404,536.2
2026-07-19 09:12:44.342404,524.4
2026-07-19 10:12:44.342404,543.9
2026-07-19 11:12:44.342404,544.7
2026-07-19 12:12:44.342404,527.1
2026-07-19 13:12:44.342404,605.3
2026-07-19 14:12:44.342404,653.9
2026-07-19 15:12:44.342404,682.1
2026-07-19 16:12:44.342404,687.3
2026-07-19 17:12:44.342404,764.2
2026-07-19 18:12:44.342404,786.6
2026-07-19 19:12:44.342404,811.4
2026-07-19 20:12:44.342404,798.4
2026-07-19 21:12:44.342404,818.1
2026-07-19 22:12:44.342404,804.8
2026-07-19 23:12:44.342404,540.0
2026-07-20 00:12:44.342404,573.5
2026-07-20 01:12:44.342404,557.0
2026-07-20 02:12:44.342404,555.2
2026-07-20 03:12:44.342404,561.8
2026-07-20 04:12:44.342404,570.8
2026-07-20 05:12:44.342404,579.8
2026-07-20 06:12:44.342404,552.8
2026-07-20 07:12:44.342404,592.0
2026-07-20 08:12:44.342404,566.1
2026-07-20 09:12:44.342404,522.4
2026-07-20 10:12:44.342404,563.7
2026-07-20 11:12:44.342404,592.7
2026-07-20 12:12:44.342404,598.3
2026-07-20 13:12:44.342404,646.8
2026-07-20 14:12:44.342404,688.2
2026-07-20 15:12:44.342404,733.9
2026-07-20 16:12:44.342404,739.5
2026-07-20 17:12:44.342404,809.3
2026-07-20 18:12:44.342404,823.2
2026-07-20 19:12:44.342404,823.0
2026-07-20 20:12:44.342404,857.9
2026-07-20 21:12:44.342404,862.2
2026-07-20 22:12:44.342404,853.5
2026-07-20 23:12:44.342404,548.1
2026-07-21 00:12:44.342404,570.3
2026-07-21 01:12:44.342404,565.8
2026-07-21 02:12:44.342404,558.5
2026-07-21 03:12:44.342404,552.4
2026-07-21 04:12:44.342404,539.3
2026-07-21 05:12:44.342404,589.9
2026-07-21 06:12:44.342404,562.7
2026-07-21 07:12:44.342404,598.8
2026-07-21 08:12:44.342404,588.6
2026-07-21 09:12:44.342404,582.4
2026-07-21 10:12:44.342404,582.0
2026-07-21 11:12:44.342404,590.3
2026-07-21 12:12:44.342404,585.2
2026-07-21 13:12:44.342404,665.5
2026-07-21 14:12:44.342404,660.9
2026-07-21 15:12:44.342404,739.2
2026-07-21 16:12:44.342404,751.3
2026-07-21 17:12:44.342404,806.7
2026-07-21 18:12:44.342404,835.7
2026-07-21 19:12:44.342404,852.2
2026-07-21 20:12:44.342404,867.1
2026-07-21 21:12:44.342404,864.2
2026-07-21 22:12:44.342404,862.5
2026-07-21 23:12:44.342404,567.5
2026-07-22 00:12:44.342404,569.4
2026-07-22 01:12:44.342404,564.9
2026-07-22 02:12:44.342404,547.0
2026-07-22 03:12:44.342404,560.7
2026-07-22 04:12:44.342404,573.4
2026-07-22 05:12:44.342404,565.0
2026-07-22 06:12:44.342404,567.1
2026-07-22 07:12:44.342404,578.0
2026-07-22 08:12:44.342404,580.7
2026-07-22 09:12:44.342404,576.4
2026-07-22 10:12:44.342404,537.2
2026-07-22 11:12:44.342404,563.7
2026-07-22 12:12:44.342404,608.3
2026-07-22 13:12:44.342404,649.6
2026-07-22 14:12:44.342404,682.7
2026-07-22 15:12:44.342404,715.0
2026-07-22 16:12:44.342404,768.4
2026-07-22 17:12:44.342404,801.2
2026-07-22 18:12:44.342404,820.2
2026-07-22 19:12:44.342404,844.9
2026-07-22 20:12:44.342404,842.4
2026-07-22 21:12:44.342404,868.6
2026-07-22 22:12:44.342404,870.5
2026-07-22 23:12:44.342404,556.3
2026-07-23 00:12:44.342404,567.7
2026-07-23 01:12:44.342404,572.2
2026-07-23 02:12:44.342404,580.3
2026-07-23 03:12:44.342404,562.6
2026-07-23 04:12:44.342404,554.3
2026-07-23 05:12:44.342404,562.2
2026-07-23 06:12:44.342404,571.6
2026-07-23 07:12:44.342404,590.9
2026-07-23 08:12:44.342404,549.3
2026-07-23 09:12:44.342404,562.2
2026-07-23 10:12:44.342404,557.0
2026-07-23 11:12:44.342404,587.9
2026-07-23 12:12:44.342404,616.6
2026-07-23 13:12:44.342404,657.6
2026-07-23 14:12:44.342404,697.4
2026-07-23 15:12:44.342404,724.8
2026-07-23 16:12:44.342404,750.0
2026-07-23 17:12:44.342404,784.7
2026-07-23 18:12:44.342404,830.4
2026-07-23 19:12:44.342404,858.7
2026-07-23 20:12:44.342404,844.0
2026-07-23 21:12:44.342404,903.2
2026-07-23 22:12:44.342404,868.7
2026-07-23 23:12:44.342404,580.0
2026-07-24 00:12:44.342404,574.4
2026-07-24 01:12:44.342404,551.7
2026-07-24 02:12:44.342404,560.8
2026-07-24 03:12:44.342404,555.8
2026-07-24 04:12:44.342404,542.1
2026-07-24 05:12:44.342404,549.1
2026-07-24 06:12:44.342404,593.9
2026-07-24 07:12:44.342404,584.3
2026-07-24 08:12:44.342404,585.6
2026-07-24 09:12:44.342404,559.0
2026-07-24 10:12:44.342404,561.9
2026-07-24 11:12:44.342404,610.0
2026-07-24 12:12:44.342404,608.7
2026-07-24 13:12:44.342404,639.2
2026-07-24 14:12:44.342404,682.7
2026-07-24 15:12:44.342404,727.1
2026-07-24 16:12:44.342404,748.4
2026-07-24 17:12:44.342404,759.8
2026-07-24 18:12:44.342404,841.0
2026-07-24 19:12:44.342404,854.0
2026-07-24 20:12:44.342404,849.3
2026-07-24 21:12:44.342404,865.2
2026-07-24 22:12:44.342404,882.4
2026-07-24 23:12:44.342404,591.3
2026-07-25 00:12:44.342404,522.7
2026-07-25 01:12:44.342404,550.1
2026-07-25 02:12:44.342404,527.7
2026-07-25 03:12:44.342404,516.7
2026-07-25 04:12:44.342404,519.8
2026-07-25 05:12:44.342404,554.3
2026-07-25 06:12:44.342404,536.4
2026-07-25 07:12:44.342404,533.6
2026-07-25 08:12:44.342404,548.3
2026-07-25 09:12:44.342404,543.8
2026-07-25 10:12:44.342404,526.6
2026-07-25 11:12:44.342404,554.9
2026-07-25 12:12:44.342404,593.0
2026-07-25 13:12:44.342404,585.4
2026-07-25 14:12:44.342404,611.8
2026-07-25 15:12:44.342404,667.7
2026-07-25 16:12:44.342404,690.3
2026-07-25 17:12:44.342404,734.1
2026-07-25 18:12:44.342404,801.0
2026-07-25 19:12:44.342404,795.1
2026-07-25 20:12:44.342404,821.7
2026-07-25 21:12:44.342404,838.7
2026-07-25 22:12:44.342404,840.5
2026-07-25 23:12:44.342404,533.1
2026-07-26 00:12:44.342404,495.8
2026-07-26 01:12:44.342404,527.1
2026-07-26 02:12:44.342404,539.4
2026-07-26 03:12:44.342404,530.4
2026-07-26 04:12:44.342404,536.1
2026-07-26 05:12:44.342404,517.8
2026-07-26 06:12:44.342404,529.4
2026-07-26 07:12:44.342404,558.0
2026-07-26 08:12:44.342404,554.5
2026-07-26 09:12:44.342404,518.4
2026-07-26 10:12:44.342404,523.2
2026-07-26 11:12:44.342404,571.8
2026-07-26 12:12:44.342404,566.9
2026-07-26 13:12:44.342404,606.4
2026-07-26 14:12:44.342404,643.1
2026-07-26 15:12:44.342404,678.0
2026-07-26 16:12:44.342404,746.0
2026-07-26 17:12:44.342404,749.6
2026-07-26 18:12:44.342404,796.0
2026-07-26 19:12:44.342404,801.7
2026-07-26 20:12:44.342404,851.0
2026-07-26 21:12:44.342404,815.8
2026-07-26 22:12:44.342404,832.3
2026-07-26 23:12:44.342404,493.0
2026-07-27 00:12:44.342404,563.7
2026-07-27 01:12:44.342404,576.5
2026-07-27 02:12:44.342404,546.4
2026-07-27 03:12:44.342404,562.6
2026-07-27 04:12:44.342404,616.2
2026-07-27 05:12:44.342404,552.1
2026-07-27 06:12:44.342404,572.3
2026-07-27 07:12:44.342404,566.3
2026-07-27 08:12:44.342404,557.1
2026-07-27 09:12:44.342404,574.6
2026-07-27 10:12:44.342404,570.0
2026-07-27 11:12:44.342404,576.1
2026-07-27 12:12:44.342404,605.2
2026-07-27 13:12:44.342404,659.9
2026-07-27 14:12:44.342404,676.0
2026-07-27 15:12:44.342404,726.9
2026-07-27 16:12:44.342404,730.9
2026-07-27 17:12:44.342404,785.1
2026-07-27 18:12:44.342404,818.0
2026-07-27 19:12:44.342404,837.1
2026-07-27 20:12:44.342404,861.3
2026-07-27 21:12:44.342404,863.7
2026-07-27 22:12:44.342404,874.2
2026-07-27 23:12:44.342404,585.0
2026-07-28 00:12:44.342404,559.0
2026-07-28 01:12:44.342404,586.4
2026-07-28 02:12:44.342404,557.5
2026-07-28 03:12:44.342404,570.2
2026-07-28 04:12:44.342404,548.5
2026-07-28 05:12:44.342404,564.1
2026-07-28 06:12:44.342404,591.4
2026-07-28 07:12:44.342404,590.7
2026-07-28 08:12:44.342404,569.7
2026-07-28 09:12:44.342404,538.5
2026-07-28 10:12:44.342404,572.6
2026-07-28 11:12:44.342404,590.0
2026-07-28 12:12:44.342404,605.3
2026-07-28 13:12:44.342404,638.5
2026-07-28 14:12:44.342404,678.1
2026-07-28 15:12:44.342404,719.0
2026-07-28 16:12:44.342404,754.6
2026-07-28 17:12:44.342404,811.1
2026-07-28 18:12:44.342404,809.1
2026-07-28 19:12:44.342404,871.7
2026-07-28 20:12:44.342404,859.5
2026-07-28 21:12:44.342404,876.6
2026-07-28 22:12:44.342404,879.5
2026-07-28 23:12:44.342404,571.5
2026-07-29 00:12:44.342404,568.1
2026-07-29 01:12:44.342404,570.8
2026-07-29 02:12:44.342404,539.5
2026-07-29 03:12:44.342404,528.8
2026-07-29 04:12:44.342404,580.0
2026-07-29 05:12:44.342404,563.7
2026-07-29 06:12:44.342404,555.9
2026-07-29 07:12:44.342404,592.1
2026-07-29 08:12:44.342404,571.4
2026-07-29 09:12:44.342404,549.3
2026-07-29 10:12:44.342404,588.0
2026-07-29 11:12:44.342404,605.8
2026-07-29 12:12:44.342404,615.8
2026-07-29 13:12:44.342404,646.2
2026-07-29 14:12:44.342404,679.8
2026-07-29 15:12:44.342404,720.6
2026-07-29 16:12:44.342404,762.8
2026-07-29 17:12:44.342404,786.7
2026-07-29 18:12:44.342404,836.9
2026-07-29 19:12:44.342404,851.3
2026-07-29 20:12:44.342404,875.3
2026-07-29 21:12:44.342404,887.7
2026-07-29 22:12:44.342404,864.3
2026-07-29 23:12:44.342404,573.8
2026-07-30 00:12:44.342404,578.5
2026-07-30 01:12:44.342404,569.9
2026-07-30 02:12:44.342404,563.7
2026-07-30 03:12:44.342404,571.6
2026-07-30 04:12:44.342404,588.4
2026-07-30 05:12:44.342404,532.6
2026-07-30 06:12:44.342404,580.1
2026-07-30 07:12:44.342404,591.3
2026-07-30 08:12:44.342404,566.2
2026-07-30 09:12:44.342404,581.9
2026-07-30 10:12:44.342404,556.0
2026-07-30 11:12:44.342404,583.0
2026-07-30 12:12:44.342404,632.6
2026-07-30 13:12:44.342404,615.6
2026-07-30 14:12:44.342404,687.7
2026-07-30 15:12:44.342404,740.6
2026-07-30 16:12:44.342404,774.4
2026-07-30 17:12:44.342404,800.0
2026-07-30 18:12:44.342404,810.7
2026-07-30 19:12:44.342404,862.3
2026-07-30 20:12:44.342404,854.5
2026-07-30 21:12:44.342404,866.7
2026-07-30 22:12:44.342404,863.2
2026-07-30 23:12:44.342404,550.6
2026-07-31 00:12:44.342404,588.5
2026-07-31 01:12:44.342404,567.7
2026-07-31 02:12:44.342404,568.0
2026-07-31 03:12:44.342404,559.9
2026-07-31 04:12:44.342404,558.5
2026-07-31 05:12:44.342404,578.4
2026-07-31 06:12:44.342404,578.8
2026-07-31 07:12:44.342404,633.8
2026-07-31 08:12:44.342404,569.6
2026-07-31 09:12:44.342404,562.8
2026-07-31 10:12:44.342404,590.9
2026-07-31 11:12:44.342404,601.9
2026-07-31 12:12:44.342404,608.8
2026-07-31 13:12:44.342404,649.5
2026-07-31 14:12:44.342404,703.8
2026-07-31 15:12:44.342404,701.4
2026-07-31 16:12:44.342404,746.9
2026-07-31 17:12:44.342404,800.7
2026-07-31 18:12:44.342404,815.2
2026-07-31 19:12:44.342404,839.8
2026-07-31 20:12:44.342404,882.6
2026-07-31 21:12:44.342404,875.5
2026-07-31 22:12:44.342404,863.4
2026-07-31 23:12:44.342404,557.7
2026-08-01 00:12:44.342404,534.8
2026-08-01 01:12:44.342404,546.9
2026-08-01 02:12:44.342404,510.0
2026-08-01 03:12:44.342404,511.0
2026-08-01 04:12:44.342404,539.6
2026-08-01 05:12:44.342404,521.0
2026-08-01 06:12:44.342404,517.3
2026-08-01 07:12:44.342404,539.3
2026-08-01 08:12:44.342404,545.9
2026-08-01 09:12:44.342404,540.3
2026-08-01 10:12:44.342404,540.5
2026-08-01 11:12:44.342404,543.1
2026-08-01 12:12:44.342404,561.2
2026-08-01 13:12:44.342404,595.4
2026-08-01 14:12:44.342404,627.3
2026-08-01 15:12:44.342404,673.6
2026-08-01 16:12:44.342404,718.9
2026-08-01 17:12:44.342404,765.6
2026-08-01 18:12:44.342404,786.1
2026-08-01 19:12:44.342404,806.9
2026-08-01 20:12:44.342404,849.9
2026-08-01 21:12:44.342404,777.3
2026-08-01 22:12:44.342404,834.1
2026-08-01 23:12:44.342404,537.4
2026-08-02 00:12:44.342404,537.6
2026-08-02 01:12:44.342404,543.5
2026-08-02 02:12:44.342404,511.8
2026-08-02 03:12:44.342404,543.9
2026-08-02 04:12:44.342404,535.4
2026-08-02 05:12:44.342404,523.7
2026-08-02 06:12:44.342404,539.1
2026-08-02 07:12:44.342404,552.4
2026-08-02 08:12:44.342404,520.6
2026-08-02 09:12:44.342404,499.3
2026-08-02 10:12:44.342404,515.1
2026-08-02 11:12:44.342404,539.1
2026-08-02 12:12:44.342404,579.5
2026-08-02 13:12:44.342404,583.1
2026-08-02 14:12:44.342404,647.0
2026-08-02 15:12:44.342404,684.4
2026-08-02 16:12:44.342404,749.4
2026-08-02 17:12:44.342404,760.2
2026-08-02 18:12:44.342404,754.8
2026-08-02 19:12:44.342404,826.8
2026-08-02 20:12:44.342404,811.0
2026-08-02 21:12:44.342404,815.3
2026-08-02 22:12:44.342404,821.8
2026-08-02 23:12:44.342404,538.1
2026-08-03 00:12:44.342404,565.7
2026-08-03 01:12:44.342404,570.0
2026-08-03 02:12:44.342404,556.1
2026-08-03 03:12:44.342404,552.3
2026-08-03 04:12:44.342404,572.9
2026-08-03 05:12:44.342404,547.0
2026-08-03 06:12:44.342404,559.2
2026-08-03 07:12:44.342404,585.0
2026-08-03 08:12:44.342404,578.5
2026-08-03 09:12:44.342404,566.0
2026-08-03 10:12:44.342404,570.3
2026-08-03 11:12:44.342404,571.6
2026-08-03 12:12:44.342404,607.7
2026-08-03 13:12:44.342404,641.2
2026-08-03 14:12:44.342404,687.4
2026-08-03 15:12:44.342404,708.0
2026-08-03 16:12:44.342404,745.4
2026-08-03 17:12:44.342404,776.8
2026-08-03 18:12:44.342404,828.3
2026-08-03 19:12:44.342404,844.6
2026-08-03 20:12:44.342404,862.9
2026-08-03 21:12:44.342404,862.9
2026-08-03 22:12:44.342404,858.4
2026-08-03 23:12:44.342404,560.9
2026-08-04 00:12:44.342404,577.6
2026-08-04 01:12:44.342404,570.7
2026-08-04 02:12:44.342404,592.1
2026-08-04 03:12:44.342404,565.5
2026-08-04 04:12:44.342404,593.7
2026-08-04 05:12:44.342404,565.8
2026-08-04 06:12:44.342404,577.8
2026-08-04 07:12:44.342404,581.1
2026-08-04 08:12:44.342404,582.5
2026-08-04 09:12:44.342404,535.5
2026-08-04 10:12:44.342404,556.6
2026-08-04 11:12:44.342404,575.6
2026-08-04 12:12:44.342404,644.9
2026-08-04 13:12:44.342404,661.0
2026-08-04 14:12:44.342404,685.3
2026-08-04 15:12:44.342404,714.0
2026-08-04 16:12:44.342404,750.3
2026-08-04 17:12:44.342404,786.1
2026-08-04 18:12:44.342404,836.4
2026-08-04 19:12:44.342404,851.5
2026-08-04 20:12:44.342404,878.6
2026-08-04 21:12:44.342404,878.7
2026-08-04 22:12:44.342404,871.4
2026-08-04 23:12:44.342404,558.5
2026-08-05 00:12:44.342404,558.5
2026-08-05 01:12:44.342404,572.3
2026-08-05 02:12:44.342404,576.0
2026-08-05 03:12:44.342404,567.4
2026-08-05 04:12:44.342404,551.7
2026-08-05 05:12:44.342404,573.7
2026-08-05 06:12:44.342404,581.7
2026-08-05 07:12:44.342404,573.9
2026-08-05 08:12:44.342404,571.1
2026-08-05 09:12:44.342404,556.2
2026-08-05 10:12:44.342404,589.8
2026-08-05 11:12:44.342404,620.4
2026-08-05 12:12:44.342404,634.1
2026-08-05 13:12:44.342404,621.7
2026-08-05 14:12:44.342404,686.8
2026-08-05 15:12:44.342404,728.7
2026-08-05 16:12:44.342404,785.3
2026-08-05 17:12:44.342404,786.8
2026-08-05 18:12:44.342404,824.7
2026-08-05 19:12:44.342404,832.7
2026-08-05 20:12:44.342404,845.2
2026-08-05 21:12:44.342404,871.5
2026-08-05 22:12:44.342404,887.4
2026-08-05 23:12:44.342404,571.0
2026-08-06 00:12:44.342404,571.3
2026-08-06 01:12:44.342404,551.6
2026-08-06 02:12:44.342404,572.7
2026-08-06 03:12:44.342404,562.2
2026-08-06 04:12:44.342404,563.7
2026-08-06 05:12:44.342404,596.2
2026-08-06 06:12:44.342404,564.0
2026-08-06 07:12:44.342404,585.6
2026-08-06 08:12:44.342404,579.0
2026-08-06 09:12:44.342404,517.6
2026-08-06 10:12:44.342404,564.1
2026-08-06 11:12:44.342404,563.9
2026-08-06 12:12:44.342404,606.3
2026-08-06 13:12:44.342404,674.2
2026-08-06 14:12:44.342404,640.2
2026-08-06 15:12:44.342404,695.7
2026-08-06 16:12:44.342404,779.8
2026-08-06 17:12:44.342404,793.3
2026-08-06 18:12:44.342404,833.4
2026-08-06 19:12:44.342404,852.1
2026-08-06 20:12:44.342404,867.5
2026-08-06 21:12:44.342404,865.6
2026-08-06 22:12:44.342404,817.0
2026-08-06 23:12:44.342404,570.4
2026-08-07 00:12:44.342404,587.2
2026-08-07 01:12:44.342404,585.8
2026-08-07 02:12:44.342404,579.5
2026-08-07 03:12:44.342404,569.2
2026-08-07 04:12:44.342404,573.1
2026-08-07 05:12:44.342404,583.7
2026-08-07 06:12:44.342404,547.9
2026-08-07 07:12:44.342404,618.0
2026-08-07 08:12:44.342404,591.1
2026-08-07 09:12:44.342404,598.6
2026-08-07 10:12:44.342404,580.7
2026-08-07 11:12:44.342404,583.1
2026-08-07 12:12:44.342404,621.8
2026-08-07 13:12:44.342404,657.2
2026-08-07 14:12:44.342404,711.0
2026-08-07 15:12:44.342404,716.5
2026-08-07 16:12:44.342404,753.6
2026-08-07 17:12:44.342404,811.8
2026-08-07 18:12:44.342404,823.5
2026-08-07 19:12:44.342404,841.8
2026-08-07 20:12:44.342404,857.8
2026-08-07 21:12:44.342404,840.7
2026-08-07 22:12:44.342404,855.2
2026-08-07 23:12:44.342404,577.3
2026-08-08 00:12:44.342404,530.9
2026-08-08 01:12:44.342404,538.1
2026-08-08 02:12:44.342404,550.9
2026-08-08 03:12:44.342404,566.9
2026-08-08 04:12:44.342404,527.0
2026-08-08 05:12:44.342404,514.0
2026-08-08 06:12:44.342404,524.5
2026-08-08 07:12:44.342404,562.8
2026-08-08 08:12:44.342404,573.2
2026-08-08 09:12:44.342404,533.5
2026-08-08 10:12:44.342404,543.4
2026-08-08 11:12:44.342404,547.8
2026-08-08 12:12:44.342404,577.4
2026-08-08 13:12:44.342404,624.8
2026-08-08 14:12:44.342404,654.4
2026-08-08 15:12:44.342404,680.3
2026-08-08 16:12:44.342404,723.8
2026-08-08 17:12:44.342404,750.7
2026-08-08 18:12:44.342404,805.1
2026-08-08 19:12:44.342404,839.0
2026-08-08 20:12:44.342404,813.1
2026-08-08 21:12:44.342404,819.3
2026-08-08 22:12:44.342404,820.7
2026-08-08 23:12:44.342404,544.1
2026-08-09 00:12:44.342404,524.8
2026-08-09 01:12:44.342404,545.3
2026-08-09 02:12:44.342404,507.7
2026-08-09 03:12:44.342404,530.2
2026-08-09 04:12:44.342404,533.3
2026-08-09 05:12:44.342404,517.3
2026-08-09 06:12:44.342404,529.2
2026-08-09 07:12:44.342404,568.1
2026-08-09 08:12:44.342404,534.3
2026-08-09 09:12:44.342404,537.6
2026-08-09 10:12:44.342404,557.8
2026-08-09 11:12:44.342404,537.8
2026-08-09 12:12:44.342404,579.2
2026-08-09 13:12:44.342404,563.7
2026-08-09 14:12:44.342404,621.7
2026-08-09 15:12:44.342404,692.6
2026-08-09 16:12:44.342404,712.2
2026-08-09 17:12:44.342404,760.7
2026-08-09 18:12:44.342404,764.8
2026-08-09 19:12:44.342404,770.7
2026-08-09 20:12:44.342404,815.8
2026-08-09 21:12:44.342404,822.8
2026-08-09 22:12:44.342404,821.1
2026-08-09 23:12:44.342404,553.5
2026-08-10 00:12:44.342404,540.7
2026-08-10 01:12:44.342404,560.5
2026-08-10 02:12:44.342404,566.0
2026-08-10 03:12:44.342404,569.4
2026-08-10 04:12:44.342404,586.4
2026-08-10 05:12:44.342404,570.6
2026-08-10 06:12:44.342404,583.5
2026-08-10 07:12:44.342404,609.5
2026-08-10 08:12:44.342404,555.8
2026-08-10 09:12:44.342404,588.5
2026-08-10 10:12:44.342404,573.8
